{"Pirate Captain's Hat":[6,"https://upload.wikimedia.org/wikipedia/commons/thumb/f/f8/Question_mark_alternate.svg/788px-Question_mark_alternate.svg.png",48000,100],"Flag":[3,"https://tr.rbxcdn.com/e6f24f66870e98255923453646d89c3b/110/110/Hat/Webp",5000000,65999],"Police Sergeants Cap":[1,"https://tr.rbxcdn.com/3abf766290600dea246fa18167ff2d25/110/110/Hat/Webp",96500,14999],"Monstars Visor":[2,"https://tr.rbxcdn.com/53c1b3a9e7e81ea0426e69fd44587bde/110/110/Hat/Webp",195000,45999],"Vegetable Hat":[4,"https://tr.rbxcdn.com/4d72271e7c92c50134deab378182c859/110/110/Hat/Webp",22000,2000],"Santa Hat":[3,"https://tr.rbxcdn.com/959eaf1cd0e69b64678793f8236cc2a5/110/110/Hat/Webp",65500,1999],"The Kleos Aphthiton":[2,"https://tr.rbxcdn.com/50e1a42b044787b87f88f951f63cacf7/110/110/Hat/Webp",190000000,399999],"The Void Star":[3,"https://tr.rbxcdn.com/a1b5cf8b07198585dc91476d3b498c9d/110/110/Hat/Webp",7800000,25999],"Reading Textbook":[14,"https://tr.rbxcdn.com/41110279d1e86705ab85d3ce590ddfe2/110/110/Hat/Webp",225000,1979],"Geography Textbook":[6,"https://tr.rbxcdn.com/262968d91e5305fbcd2ff7e9b3faf24e/110/110/Hat/Webp",115000,10999],"Chemistry Textbook":[5,"https://tr.rbxcdn.com/5c6134d05da46622360f0de6ff3299d1/110/110/Hat/Webp",60000,3799],"Halloween Santa Hat":[4,"https://tr.rbxcdn.com/ac022605e1662db98462904b00d6e2e6/110/110/Hat/Webp",30000,3399],"The Necrobloxicon":[1,"https://tr.rbxcdn.com/2a6c794ad21acb5715ebf5a5bfa49694/110/110/Hat/Webp",35000,11500],"Pink Winter Cap":[2,"https://tr.rbxcdn.com/13da9bcbb431b4ca3f40e07a5232e877/110/110/Hat/Webp",65500,1000],"Sparkle Time Fedora":[1,"https://tr.rbxcdn.com/0c54305eb2775385ee670cb16f28e1f0/110/110/Hat/Webp",6250000,15000],"Teakettle Hat":[7,"https://tr.rbxcdn.com/377e17ec50d264a3e4f62f21f9bea3b6/110/110/Hat/Webp",21500,2300],"Bombastic Egg of Annihilation":[5,"https://tr.rbxcdn.com/49b173ea71963b8879e9c8b2643e250e/110/110/Hat/Webp",225000,2900],"Kind Egg of Sharing":[5,"https://tr.rbxcdn.com/572bce500109353576e12e8112fddaf6/110/110/Hat/Webp",42500,1000],"Wanwood Egg of ZOMG!":[7,"https://tr.rbxcdn.com/1cc66f46846ed5deb8bba8ba9b21b889/110/110/Hat/Webp",37000,1300],"Teddy Bear Hat":[1,"https://tr.rbxcdn.com/cb25db136e68d6c99a7982f36779f5af/110/110/Hat/Webp",71500,29999],"The Golden Robloxian":[2,"https://tr.rbxcdn.com/0549d5ca2ca621ac904396cd114c9411/110/110/Hat/Webp",55000000,399999],"The Riddling Skull":[13,"https://tr.rbxcdn.com/de29f2800768a3ef7b82d68945a6487e/110/110/Hat/Webp",205000,4500],"Halloween Sombrero":[2,"https://tr.rbxcdn.com/591ed302b48461489a1a508feec7a4f3/110/110/Hat/Webp",10000,10000],"Hockey Mask":[9,"https://tr.rbxcdn.com/19c6ff92749eba10f36cfb1bd9e7a693/110/110/Hat/Webp",150000,3899],"White Witch Hat":[2,"https://tr.rbxcdn.com/0ef74b2dedfad86ef50e0373d513e26a/110/110/Hat/Webp",950000,3999],"Silver Tetramino of Accomplishment":[3,"https://tr.rbxcdn.com/d7689bf10178285d8e23f951ea8b12fd/110/110/Hat/Webp",100000,1999],"Gold Tetramino of Mastery":[9,"https://tr.rbxcdn.com/7ce6eebb4a7ed4356165f18dc943c864/110/110/Hat/Webp",465000,1600],"Cool Snowman Head":[13,"https://tr.rbxcdn.com/76327c8153635e923d9fc0e8c43f8a0f/110/110/Hat/Webp",60000,1999],"Helm of the Flashing Bolt":[4,"https://tr.rbxcdn.com/ddde2de4e25f7a3fd4c5c2d5d3873a1f/110/110/Hat/Webp",0,10999],"Red Hat of the Orient":[6,"https://tr.rbxcdn.com/9927454410af4d054c6a652011247a98/110/110/Hat/Webp",45000,4999],"Sad":[5,"https://upload.wikimedia.org/wikipedia/commons/thumb/f/f8/Question_mark_alternate.svg/788px-Question_mark_alternate.svg.png",80000,10],"Cheezburger: The Complete History":[1,"https://tr.rbxcdn.com/8276cbb54117edc23acf553310fdab64/110/110/Hat/Webp",0,2599],"Rubber Duckie":[7,"https://tr.rbxcdn.com/542b4cc36a81adce456138fe3ea31ea4/110/110/Hat/Webp",125000,10000],"Bloxy Cola":[12,"https://upload.wikimedia.org/wikipedia/commons/thumb/f/f8/Question_mark_alternate.svg/788px-Question_mark_alternate.svg.png",755000,1],"I Heart Mom Sign":[3,"https://tr.rbxcdn.com/6537b09201d629432097d9cb0afbea48/110/110/Hat/Webp",200000,3000],"Orange Ninja Headband of All Earth's Fire":[1,"https://tr.rbxcdn.com/e51ef4951e0fac2590eee75783ffa0a5/110/110/Hat/Webp",230000,30000],"Silver Ninja Star of the Brilliant Light":[2,"https://upload.wikimedia.org/wikipedia/commons/thumb/f/f8/Question_mark_alternate.svg/788px-Question_mark_alternate.svg.png",52849,100],"Fuse Bomb":[2,"https://upload.wikimedia.org/wikipedia/commons/thumb/f/f8/Question_mark_alternate.svg/788px-Question_mark_alternate.svg.png",600000,19999],"Clockwork's Shades":[7,"https://tr.rbxcdn.com/07a9f4038d03d320adadbe47d60a9196/110/110/Hat/Webp",12000000,139999],"Red Wizard Hat of Flames":[1,"https://tr.rbxcdn.com/9007bbdc2431c8bfacf343c43020585c/110/110/Hat/Webp",115000,1430],"Rusty McBucketton":[3,"https://tr.rbxcdn.com/81b16131074389465e6707e20ec8267a/110/110/Hat/Webp",375000,6788],"The Dread Visage of xMaximusx":[1,"https://tr.rbxcdn.com/afa277e5664c5a2fc27f3b1f697ab6bc/110/110/Hat/Webp",515000,101999],"General Protection Fault":[9,"https://tr.rbxcdn.com/c089111ed0b33f46aee40f68310c5ca5/110/110/Hat/Webp",550000,43999],"Gaze of Socom1880":[1,"https://tr.rbxcdn.com/c45ab9632e916a78bc520a6d7a3f7e76/110/110/Hat/Webp",6750000,99999],"Robber Baron Top Hat":[7,"https://tr.rbxcdn.com/bb6a606b2fec1f259b0c7b2f7b5a9747/110/110/Hat/Webp",200000,19999],":/":[4,"https://upload.wikimedia.org/wikipedia/commons/thumb/f/f8/Question_mark_alternate.svg/788px-Question_mark_alternate.svg.png",48500,99],"Protest Sign: We Want User GUIs Now!":[2,"https://tr.rbxcdn.com/e8949700aead1b43969aa2616d851a44/110/110/Gear/Webp",105000,4699],"Sk9r Boi":[2,"https://tr.rbxcdn.com/8d8c8efe866e2dac01b42b21bed540cf/110/110/Hat/Webp",66500,100],"zOMG Hat Selling!":[1,"https://tr.rbxcdn.com/4068f3e629d81666688522994f9f2f52/110/110/Face/Webp",325000,35000],"Happy Jack-o'-Lantern":[18,"https://tr.rbxcdn.com/8a361f07aa2149aae5dc93683b933f91/110/110/Hat/Webp",205000,1599],"Purple Bow Tie":[5,"https://tr.rbxcdn.com/9ced83a93f8e87b3e48a4863ec1de1b8/110/110/Hat/Webp",0,20000],"Hallowreaper":[4,"https://tr.rbxcdn.com/4cc09b745f6c260a87f2774358d90c3e/110/110/Hat/Webp",55000,400],"Beautiful Hair for Beautiful People":[6,"https://upload.wikimedia.org/wikipedia/commons/thumb/f/f8/Question_mark_alternate.svg/788px-Question_mark_alternate.svg.png",650000,100],"Worst. Halloween Costume. Ever.":[5,"https://tr.rbxcdn.com/833eae7ec01f2b686895b307c6e2a3ef/110/110/Hat/Webp",63500,10999],"I'm Secretly A Vampire, The Hat":[6,"https://tr.rbxcdn.com/862eea08bf413de50073464c675995a2/110/110/Hat/Webp",425000,26999],"Red Fang":[5,"https://tr.rbxcdn.com/bfb290713d383132a34eb7ef87c9bd0f/110/110/Face/Webp",47500,50000],"Darkheart":[1,"https://tr.rbxcdn.com/3747ca93001cf4353b9fe858ad435442/110/110/Gear/Webp",8750000,39999],"Pink Penguin":[7,"https://tr.rbxcdn.com/db2b64113722701052231b08db9d971b/110/110/Hat/Webp",26500,430],"Cursed Mummy Friend":[11,"https://tr.rbxcdn.com/c2ff0e2b3e6c2a653a7c35f321cd1c7c/110/110/Gear/Webp",225000,7999],"Flower Power":[1,"https://tr.rbxcdn.com/306fb64d98050272222f170475cc3c38/110/110/Hat/Webp",245000,24000],"Captain's Flintlock":[6,"https://tr.rbxcdn.com/2aada49df827cd6ea25ccb599ecb6d01/110/110/Gear/Webp",165000,13999],"Noramros the Hero's Hero":[2,"https://tr.rbxcdn.com/40ebb8783f919bcd94c61adb8ac47240/110/110/Hat/Webp",38000,7999],"Red Monster League Baseball Cap":[7,"https://tr.rbxcdn.com/eff571aa102b0cf82fa7d2e71fc6c3c2/110/110/Hat/Webp",85000,1000],"Outrageous Builders Club Hard Hat":[3,"https://tr.rbxcdn.com/85d1175a6849ca8941edf9ce39d5cd1d/110/110/Hat/Webp",175000,600],"Pumpkin Bucket":[5,"https://tr.rbxcdn.com/60c6497237412c2a463e64f9ac7a1403/110/110/Gear/Webp",135000,4000],"Hot Spot":[10,"https://tr.rbxcdn.com/52f6200dd7a1a13840768a133ce55306/110/110/Hat/Webp",320000,88999],"Liberty Bell":[5,"https://tr.rbxcdn.com/20d14886ad063d121d4a9e1ed50cb66b/110/110/Hat/Webp",60000,3999],"Disintergrex Blast Gun":[1,"https://tr.rbxcdn.com/372c8702f6dcc0b6ec204f0af3cf515d/110/110/Gear/Webp",70000,1999],"Apple Pie":[3,"https://tr.rbxcdn.com/0409e5e1c26f741c7a6d6eef25e8589f/110/110/Gear/Webp",72500,1300],"Cleopatra":[1,"https://tr.rbxcdn.com/c10701fc601e028049a4458071403e89/110/110/Hat/Webp",40000,4499],"Evil Vizer":[1,"https://tr.rbxcdn.com/92ba61ca497ad3305d13f8da51dd7445/110/110/Hat/Webp",0,5999],"Headdress of Aken-Aten, the Sun King":[1,"https://tr.rbxcdn.com/978a761ce000c6b47fd950292cf9d5e9/110/110/Hat/Webp",2150000,59999],"Sports Santa":[2,"https://tr.rbxcdn.com/33d1c69b0081f4368ff8d774fe143a82/110/110/Hat/Webp",125000,1599],"Sports Elf":[5,"https://tr.rbxcdn.com/520b3f0f1d9860a368e74f8aa85621c3/110/110/Hat/Webp",50000,720],"Fantasy Santa":[4,"https://tr.rbxcdn.com/1d3fe4721114704b8600e7d65906e6b5/110/110/Hat/Webp",95000,1599],"Ninja Santa":[5,"https://tr.rbxcdn.com/c41b8047b8c94f237a54a1d3e5df9922/110/110/Hat/Webp",130000,5000],"Subzero Ski Specs":[4,"https://tr.rbxcdn.com/0eefdd53c774ead80b2871ae0461ac30/110/110/Hat/Webp",200000,1500],"A Santa for All Seasons":[5,"https://tr.rbxcdn.com/42302d30083eedd08e53c3d4bd422937/110/110/Hat/Webp",50000,5000],"🎵 Charisma Party!":[1,"https://tr.rbxcdn.com/c6f2393a9b257a26528a85d489016910/110/110/Hat/Webp",72500,9999],"The Adventure of the Birthday Surprise":[1,"https://tr.rbxcdn.com/254e99deaf009a790479d5edeb357558/110/110/Hat/Webp",0,10999],"Bandage":[4,"https://tr.rbxcdn.com/4fdbe35e8a6c40db4760f863c84dc3e8/110/110/Face/Webp",255000,23000],"Shaggy":[6,"https://tr.rbxcdn.com/c468e6e14b5947ce4b5215ce39cb4513/110/110/Hat/Webp",135000,1999],"Classic Green Mohawk":[1,"https://tr.rbxcdn.com/6b58a505854d5f1313c164abf6937913/110/110/Hat/Webp",0,9844],"Fuchsia Fantastique":[2,"https://tr.rbxcdn.com/5e5a0e59a1d4535180cc28699a11d26d/110/110/Hat/Webp",55000,10000],"Optimist":[3,"https://tr.rbxcdn.com/f34b1d4859cccf1ec65974a9b4adeb00/110/110/Face/Webp",925000,129999],"Dominus Empyreus":[1,"https://tr.rbxcdn.com/0e84995e41f33ecb4efaca2b54ccb2ff/110/110/Hat/Webp",147500000,25999],"Jade Katana of the Darkest Forest":[19,"https://tr.rbxcdn.com/0678304d53bad829911e55be3a463e4c/110/110/Gear/Webp",325000,99999],"Clown School Dropout":[5,"https://tr.rbxcdn.com/ec7566102e5dc3f1f6f343a840f66e24/110/110/Face/Webp",210000,16700],"Spec Gamma Biograft Energy Sword":[1,"https://tr.rbxcdn.com/f8c3b16613cf9dd98564246975f5007f/110/110/Gear/Webp",475000,13999],"Sword of Nefertiti":[1,"https://tr.rbxcdn.com/4efff4c70d62146884bb4dd9a09dce63/110/110/Gear/Webp",120000,3799],"Fuchsia Kitty Ears":[1,"https://tr.rbxcdn.com/ffcf5a5e599b0ef75c5986f561b266bc/110/110/Hat/Webp",75500,1233],"Queen of Hearts":[2,"https://tr.rbxcdn.com/cb5fe381abdcbd8a7d6c193cd5766315/110/110/Hat/Webp",65000,3199],"Mr. Mountain":[4,"https://tr.rbxcdn.com/6378d027dba7667126ea94d9f991be1f/110/110/Hat/Webp",125000,24999],"Winter":[13,"https://tr.rbxcdn.com/42d2c6cbbb0ac107248f0de8a1d246b9/110/110/Face/Webp",235000,21999],"Red Chill":[4,"https://tr.rbxcdn.com/a7965cb7f1153b11a70d416eb321bd66/110/110/Hat/Webp",125000,5000],"Surprise!":[4,"https://tr.rbxcdn.com/d45f7226c8bf8fdcccdf0d8cc1490900/110/110/Face/Webp",100000,9999],"Laser Red Riding Hood":[1,"https://tr.rbxcdn.com/77a0c9d584d911e04e6ef96c76726743/110/110/Hat/Webp",375000,26999],"When Animals Attack : Shark Situations":[2,"https://tr.rbxcdn.com/4acc3dc329932847566b331d52df266e/110/110/Hat/Webp",240000,9999],"): Euro 180":[1,"https://tr.rbxcdn.com/e1dfca9a16bb67f55b7cd4a1504ea3ea/110/110/Hat/Webp",25000000,799999],"Spec Epsilon Biograft Energy Sword":[1,"https://tr.rbxcdn.com/519b02620265156caa2b66d7c039222e/110/110/Gear/Webp",2250000,130000],"Kilty McJig's Irish Bowler":[5,"https://tr.rbxcdn.com/cb9735d08cb1881dfa015c44fc16c722/110/110/Hat/Webp",225000,1799],"Brighteyes' Bloxy Cola Hat":[2,"https://tr.rbxcdn.com/aff8e6b0adfe0a5e18ecd326e15b4f3b/110/110/Hat/Webp",1950000,250000],"Springtime Cutlass Of Infinite Virtue":[6,"https://tr.rbxcdn.com/a6371c93ff1bb5b57a55616e664bc11b/110/110/Gear/Webp",30000,250],"Brighteyes' Lavender Egg of Anticipation":[1,"https://tr.rbxcdn.com/6798bfdb01a33f5a305d1f477eeef3c6/110/110/Hat/Webp",520000,25000],"Magic Dragon":[4,"https://tr.rbxcdn.com/97879ab9d8918cff93c2072220150b7e/110/110/Gear/Webp",0,10199],"Butterfly":[2,"https://tr.rbxcdn.com/5d30d9d22ece9be1e6e3a1dbcde06d69/110/110/Face/Webp",0,15699],"Chrome Egg of Speeding Bullet":[1,"https://tr.rbxcdn.com/07d1a6fefe2e7e3342ac6f10586e7732/110/110/Hat/Webp",0,3000],"POW! To the Moon! Egg":[1,"https://tr.rbxcdn.com/7f588588d754f0f4d7e1c78d914ac9bd/110/110/Hat/Webp",2,200],"Specular Egg of Red, No Blue":[2,"https://tr.rbxcdn.com/ebd17a065b2cf8429c00b09f8a38e3e5/110/110/Hat/Webp",100000,150],"Eagle Warrior":[1,"https://tr.rbxcdn.com/0484e70180c7529dc379fced3f4bf527/110/110/Hat/Webp",350000,31999],"Chronoterminus: the Epochalypse Helm":[2,"https://tr.rbxcdn.com/9ca7cabc691306c60fe7e8cb538abbc9/110/110/Hat/Webp",16750000,239999],"Blue Swashbuckler":[1,"https://tr.rbxcdn.com/df534483587a240a0799e9def3078186/110/110/Hat/Webp",88500,1299],"Ocherous Katana of the Setting Sun":[2,"https://tr.rbxcdn.com/32e9a522e6a2dfbcc82b6d12e5b242af/110/110/Gear/Webp",55000,10],"Pinky The Cyclops":[1,"https://tr.rbxcdn.com/61738e5f56e8b2a9e3742639b1f33e07/110/110/Hat/Webp",96709,5999],"Kung Fu Soldier":[1,"https://tr.rbxcdn.com/a70c1c21cbb525f6d0aa4a9b9d06a239/110/110/Hat/Webp",0,5000],"Das Deutschlandlied":[6,"https://tr.rbxcdn.com/e070907c117a3aaec1e01cd960bb000b/110/110/Hat/Webp",350000,3399],"Steampunkometer":[5,"https://tr.rbxcdn.com/c99bf731880b1ed01d25c457871cba67/110/110/Hat/Webp",45000,3069],"Eccentric Shop Teacher":[1,"https://tr.rbxcdn.com/ef064c49419b7de3494046a93839fca1/110/110/Hat/Webp",110000000,199999],"Ancient Warrior":[2,"https://tr.rbxcdn.com/49284dc9fbf7fec89ae88712ae9c5881/110/110/Hat/Webp",450000,8999],"Cyborg Soldier":[1,"https://tr.rbxcdn.com/be8176314b501171114dd519d8c0ecb1/110/110/Hat/Webp",135000,4500],"Red Balloon":[1,"https://tr.rbxcdn.com/e05c0d1350b7df9c20395bce8615dd76/110/110/Gear/Webp",7000000,109],"Seeing Stars":[3,"https://tr.rbxcdn.com/a9ed48556040f1b20297eea8b55b8fd8/110/110/Face/Webp",0,10500],"One Star General's Beret":[5,"https://tr.rbxcdn.com/7955e21a96d17754ca4a4b9d4f6576d4/110/110/Hat/Webp",75000,3599],"The Reaper":[5,"https://tr.rbxcdn.com/6f86bf554a9362f3f195946e78011fd6/110/110/Hat/Webp",415000,4500],"Dancing Banana":[1,"https://tr.rbxcdn.com/9defc7f65f5649a11a6219a27dceaf0e/110/110/Hat/Webp",0,13500],"Star Pupil":[1,"https://tr.rbxcdn.com/bfefbeadfbfbcd2daafa58ef07a2d564/110/110/Hat/Webp",55000,5999],"Crimson Warlord":[6,"https://tr.rbxcdn.com/43cdef349f561de60d1f9f9342dcdb6e/110/110/Hat/Webp",325000,59999],"Noob Attack: Katana Khaos":[3,"https://tr.rbxcdn.com/0c9b6fcfbfc82c8112bf3bf09fac85f0/110/110/Hat/Webp",95000,3499],"Benthic Deephunter":[4,"https://tr.rbxcdn.com/492dbc15864aa7ddc715361ba294b5c7/110/110/Hat/Webp",630000,67999],"Gentleman Patriot":[6,"https://tr.rbxcdn.com/6471a04a42b47f24a22ceb31816e1d30/110/110/Hat/Webp",215000,1699],"Retro 80s Headphones":[4,"https://tr.rbxcdn.com/9f3cb97f147b0cf051c041df5a4047bc/110/110/Hat/Webp",0,15999],"Bling Clock":[3,"https://tr.rbxcdn.com/0c387451b6b31d04d7e481c73f2c7e17/110/110/Hat/Webp",150000,20000],"Imagine":[3,"https://tr.rbxcdn.com/c086699f2fef9b877532666fd767a17c/110/110/Face/Webp",350000,28999],"Hot Pink Fabergé Egg":[11,"https://tr.rbxcdn.com/fe3603d736136309b4103f1b4f24de83/110/110/Hat/Webp",485000,5600],"Captain Universe":[3,"https://tr.rbxcdn.com/a9424360a83e6addea32cd54cb005c0e/110/110/Hat/Webp",42500,2100],"Beach Day":[2,"https://tr.rbxcdn.com/b67060c0f6eae60311da6639d7973f63/110/110/Hat/Webp",152500,1988],"Bharama Guardian":[1,"https://tr.rbxcdn.com/cc217d2a301c66a3e5354c6dee712d38/110/110/Hat/Webp",25000000,699999],"Hammerhead on your Head":[5,"https://tr.rbxcdn.com/2b63e3f86d7a815311124cf30f64eed6/110/110/Hat/Webp",150000,14000],"Lost World Paragon":[1,"https://tr.rbxcdn.com/390e7f5749df8ef3e414cd0e4d508260/110/110/Hat/Webp",150000,4100],"Frostbrand":[4,"https://tr.rbxcdn.com/14515d46d65779ef25cbffa86a600f03/110/110/Gear/Webp",110000,10999],"Bling $$ Necklace":[1,"https://tr.rbxcdn.com/5b59f010eb97fa348857bf35a52f0a82/110/110/Hat/Webp",6500000,99999],"Naga Helm":[1,"https://tr.rbxcdn.com/889442db9f5341dd3eba0a34e616feae/110/110/Hat/Webp",100000,2499],"Picklace":[14,"https://tr.rbxcdn.com/a1e49a00911784168ae08ecc980da670/110/110/Hat/Webp",650000,3500],"Gork, Your Caveman Shoulder Friend":[5,"https://tr.rbxcdn.com/40bcb34502170c5840ed83ec4ec5aba3/110/110/Gear/Webp",385000,31999],"Mildly Disturbing Mask":[2,"https://tr.rbxcdn.com/659edaaad97e87839f4e8f15de941286/110/110/Hat/Webp",91813,335],"The Red King":[2,"https://tr.rbxcdn.com/e83164b3725de3c070113be1bff28c1c/110/110/Hat/Webp",1250000,40000],"Ladies Who Lunch":[1,"https://tr.rbxcdn.com/d5c1a5e4ce21664fe892970c4cc92264/110/110/Hat/Webp",275000,2700],"Brass Top Hat":[11,"https://tr.rbxcdn.com/83b2ac3e8c31a88fed85f77667d283fd/110/110/Hat/Webp",300000,17999],"Crocheted Cthulhu":[2,"https://tr.rbxcdn.com/5d0a94a4cab768f9843c0d61e5e32825/110/110/Hat/Webp",140000,1999],"Zombie Friend Fred":[9,"https://tr.rbxcdn.com/7f277cb912cb53d77375307981a7af6a/110/110/Gear/Webp",150000,5000],"The Grand Pumpkin":[4,"https://tr.rbxcdn.com/c50bfb3bfb8fd449630b40b536234c65/110/110/Hat/Webp",525000,12001],"Green Submarineman":[4,"https://tr.rbxcdn.com/050e7e062491eff6ec258b3460a64d15/110/110/Hat/Webp",35000,3000],"Sinister S.":[4,"https://tr.rbxcdn.com/e6e2c3987b366b160122455e147ac952/110/110/Hat/Webp",150000,7899],"Steampunk Sniper":[12,"https://tr.rbxcdn.com/6025bf3df53d2f92abfe08d3da08b6b2/110/110/Hat/Webp",42500,600],"Sword of the Autumnal Winds":[4,"https://tr.rbxcdn.com/15aa59e039ed4d89204a7ba1348624d6/110/110/Gear/Webp",65000,7499],"Sinister King":[2,"https://tr.rbxcdn.com/87ec8de760701045abbb7db0db891f10/110/110/Hat/Webp",415000,39999],"Frosted Santa, Harbinger of Christmas Creep":[1,"https://tr.rbxcdn.com/dfda2196b6d7ce956b21414d936f2648/110/110/Gear/Webp",75000,10999],"Minty Fresh Fedora":[7,"https://tr.rbxcdn.com/e17ad273a3bdecb14e305b03d2d993fb/110/110/Hat/Webp",180000,6999],"Forgotten King":[4,"https://tr.rbxcdn.com/7ee5fa6fa234dbf16bb71109caf70520/110/110/Hat/Webp",135000,4500],"Epic Face":[1,"https://upload.wikimedia.org/wikipedia/commons/thumb/f/f8/Question_mark_alternate.svg/788px-Question_mark_alternate.svg.png",0,5200000],"Red Domino Crown":[4,"https://tr.rbxcdn.com/a26c3baef70f5e42bb111184680e280d/110/110/Hat/Webp",6500000,99999],"Snowflake Winter Cap":[3,"https://tr.rbxcdn.com/f4c9260e1104688b13eac386d24ff19a/110/110/Hat/Webp",120000,399],"Guitar Glasses":[1,"https://tr.rbxcdn.com/97a972070049f9c6a808b3ceb36bc216/110/110/Hat/Webp",85000,15999],"New Sheriff in Town":[6,"https://tr.rbxcdn.com/e2ce4e9c26f2297dfaf9f0266311e240/110/110/Hat/Webp",425000,12999],"Kuddle E. Koala":[1,"https://tr.rbxcdn.com/01548f8263d732c619c5665a7023ec1a/110/110/Hat/Webp",0,700],"Peacock Fedora":[2,"https://tr.rbxcdn.com/cd97873f459dbb1d436c624c0df40a84/110/110/Hat/Webp",145000,15999],"Steampunk Cadet":[2,"https://tr.rbxcdn.com/68d5c3706ed6a85f57a67ea0253bd830/110/110/Hat/Webp",76500,4999],"Highfive!":[1,"https://tr.rbxcdn.com/9a7745971f912f2d02bf867270de51fb/110/110/Hat/Webp",70000,11999],"Visormetic Holoscope":[3,"https://tr.rbxcdn.com/8732a552d4fef23155ebba3c6771c158/110/110/Hat/Webp",1250000,5800],"Desert Warrior":[14,"https://tr.rbxcdn.com/528a1dd8035d99ef754cbbe0b9cc5d3c/110/110/Hat/Webp",250000,2100],"Heartbreaker Shades":[3,"https://tr.rbxcdn.com/53de53aee4a51d1e16b96053f990f701/110/110/Hat/Webp",0,6999],"Radioactive Man":[1,"https://tr.rbxcdn.com/8d11c09d15904ec168b68d74cc1b2476/110/110/Hat/Webp",675000,25899],"Ace of Hearts":[2,"https://tr.rbxcdn.com/83d10e779a54cd8ab5ae248f1492ea0e/110/110/Hat/Webp",0,16000],"Ninja of the Jade Order":[1,"https://tr.rbxcdn.com/27e9fff3865e5cad2d388622c9bcdf77/110/110/Hat/Webp",140000,3999],"Cheesy Top Hat":[5,"https://tr.rbxcdn.com/4caa2b766af46044eb0c3e5eb68aee02/110/110/Hat/Webp",0,12000],"Undead Sailor":[1,"https://tr.rbxcdn.com/200635b56b881b611c034b399685b064/110/110/Hat/Webp",82500,5799],"): Purple Indy":[1,"https://tr.rbxcdn.com/d71c88af5cd69fd5f50157df082f5b35/110/110/Hat/Webp",15500000,219999],"Dr. Shamrock":[6,"https://tr.rbxcdn.com/7a23096e8232ee30bfe16e8f8bc90b19/110/110/Hat/Webp",235000,35999],"Roblocop":[2,"https://tr.rbxcdn.com/3b02748b7d8228f4bff7a67142c4cc27/110/110/Hat/Webp",165000,2199],"Levitating Staff of the Cosmos":[2,"https://tr.rbxcdn.com/d5faa7ac9f74914782ade171d6b073c3/110/110/Gear/Webp",110000,7999],"Eyes of Crimsonwrath":[1,"https://tr.rbxcdn.com/69d392ad0e8fd3a3a400ceb0fef555b8/110/110/Face/Webp",7500000,299999],"RoBLING":[1,"https://tr.rbxcdn.com/3b93f472f022031d016e7116436072a4/110/110/Hat/Webp",45000,2220],"Mr. Rabbit":[2,"https://tr.rbxcdn.com/9eb455fc055ba799974051ee3312c0e4/110/110/Hat/Webp",745000,4599],"10 Lives":[1,"https://tr.rbxcdn.com/43bdcd070c8f0676604d4014fb4a5d21/110/110/Hat/Webp",32500,3999],"Hypnobot":[5,"https://tr.rbxcdn.com/297d6328eae8df9c5aadad0037641f5f/110/110/Hat/Webp",1500000,4999],"Grandma's Lipstick":[1,"https://tr.rbxcdn.com/35cba144c803c5f5ec18be06c9c137e0/110/110/Face/Webp",625000,79999],"Cardboard Dino":[13,"https://tr.rbxcdn.com/ff91f28546d143423770177b9403d494/110/110/Hat/Webp",95000,500],"Fortune Teller":[4,"https://tr.rbxcdn.com/be970337573d49b11c59f5bbad5a5aa9/110/110/Hat/Webp",185000,4999],"Frominator":[3,"https://tr.rbxcdn.com/a0634bd2b3094673b70467b6c705050c/110/110/Hat/Webp",1150000,7000],"Sabretooth Leader":[4,"https://tr.rbxcdn.com/b4ea2694ede800823bdcc99008642454/110/110/Hat/Webp",225000,8999],"Umadbro?":[1,"https://tr.rbxcdn.com/a4bed12d19a6014ff9619d8126fa9e4d/110/110/Hat/Webp",6000000,99999],"Epic Face Tie":[5,"https://tr.rbxcdn.com/22c4c8eb2268940e6971eec71cb3c2b2/110/110/Hat/Webp",175000,13899],"Game Over":[1,"https://tr.rbxcdn.com/468acb353bbfda6f13419b99f572f4bc/110/110/Hat/Webp",0,6000],"Bling Boy's Raiment":[3,"https://tr.rbxcdn.com/ad064cb427dd4eb0152aef1df2b05560/110/110/Hat/Webp",195000000,15999],"Kuddly Kraken":[18,"https://tr.rbxcdn.com/ce5416ebe0d4e9b408ae9a29e208b0e8/110/110/Hat/Webp",145000,2599],"Sacred Fighter of the Ninth Wonder":[28,"https://tr.rbxcdn.com/e2811e1799f44e664418c432498f64f2/110/110/Hat/Webp",315000,2789],"Merica Airwalker":[3,"https://tr.rbxcdn.com/52758e243672e521a1613e5553faa37b/110/110/Gear/Webp",120000,1500],"Grand Master Knight":[3,"https://tr.rbxcdn.com/7f22bf8909e6c51effe27c93b0b7dd54/110/110/Hat/Webp",80000,4999],"Mystical Techno Sand Walker":[1,"https://tr.rbxcdn.com/d9c4a1ba945d9873a8a95bc0c53111ac/110/110/Hat/Webp",0,4000],"HotThoth's Voodoo Doll":[1,"https://tr.rbxcdn.com/781d5a6e7bf231bf30fc42f679539709/110/110/Gear/Webp",62500,3999],"Courageous Warrior King":[14,"https://tr.rbxcdn.com/2b6350da8e34784dff04edac7d8d216b/110/110/Hat/Webp",65000,5999],"Lock N Key Necklace":[3,"https://tr.rbxcdn.com/784457c8563bb8923d293918d0bd5a8a/110/110/Hat/Webp",700000,15000],"Starry Eyed Shades":[11,"https://tr.rbxcdn.com/824faa025a664ebd4bde6ab11ff567f4/110/110/Hat/Webp",400000,8499],"True Patriot":[1,"https://tr.rbxcdn.com/c619a9e9ca409a56de208285d17ab947/110/110/Hat/Webp",125000,6799],"Memento Mori":[1,"https://tr.rbxcdn.com/ff4ba890cd97d9a5fbe56c166292fc11/110/110/Hat/Webp",80000000,19999],"Ops Warrior":[3,"https://tr.rbxcdn.com/99e7b010da4f438f03977add290377ce/110/110/Hat/Webp",11500000,145999],"Dark Spellbook of the Forgotten":[2,"https://tr.rbxcdn.com/976ac188eefa5e6b9ec4942dbfdeefd5/110/110/Gear/Webp",525000,17999],"Ye Olde Sea Captain":[6,"https://tr.rbxcdn.com/4f50170122ed31a4ff7a0806759aa3f7/110/110/Hat/Webp",105000,35999],"DarkAge Ninjas: Dual Kamas":[1,"https://tr.rbxcdn.com/ae60fa84754f8006e69b6e8da22a56fc/110/110/Gear/Webp",0,6300],"Ne'Kotikoz Phaser":[2,"https://tr.rbxcdn.com/c5d508b4da58c6308a191a81148c30b6/110/110/Gear/Webp",90000,3999],"Halloween 2011 Paintball Cap":[2,"https://tr.rbxcdn.com/8cb553479aa7c392402d7a01ee78f777/110/110/Hat/Webp",450000,599],"Abraham Dusek":[1,"https://tr.rbxcdn.com/55355b3eb1f682d398beb81e4836b60d/110/110/Hat/Webp",109000,6999],"Oceanic Guard Helmet":[4,"https://tr.rbxcdn.com/a4fd9650856d6e32a3d0d9537313e0f9/110/110/Hat/Webp",1,4799],"Stones of History":[6,"https://tr.rbxcdn.com/0424980199e2fc577faa4ca9e53dda58/110/110/Hat/Webp",95000,13999],"Gadgetron 2700":[1,"https://tr.rbxcdn.com/b853c59ec71e2b9b6c45a27fb5814224/110/110/Hat/Webp",650000,29999],"Brighteyes' Summer Vacation Leftovers":[4,"https://tr.rbxcdn.com/29e210a526d2e40f37eea33b2ebec418/110/110/Hat/Webp",85000,8999],"Poison Horns":[2,"https://tr.rbxcdn.com/ad6a5addefe551fd9d225963e978da13/110/110/Hat/Webp",1750000,4499],"Gold Spartan":[2,"https://tr.rbxcdn.com/e0140a4115110f07032534b4d71d2880/110/110/Hat/Webp",32500000,139999],"Ivory Lion ":[5,"https://tr.rbxcdn.com/6eec596969f7d02e0d68c4bbc16934b4/110/110/Hat/Webp",120000,2999],"Chestnut Bun":[1,"https://upload.wikimedia.org/wikipedia/commons/thumb/f/f8/Question_mark_alternate.svg/788px-Question_mark_alternate.svg.png",82500,1999],"Master General":[4,"https://tr.rbxcdn.com/0f3caaa3230dd0138588717065846db8/110/110/Hat/Webp",0,5000],"Demon Trucker ":[7,"https://tr.rbxcdn.com/9767ae2b77b7f404e8b31028b1f9c4fb/110/110/Hat/Webp",80000,14999],"Iron Flying Viking":[3,"https://tr.rbxcdn.com/c8036b8963981a4dfeff6e1a6ce929b0/110/110/Hat/Webp",75000,2400],"Enchanted Bat Flying Potion":[4,"https://tr.rbxcdn.com/8d00cbce75f891f492dd56617a5abf5c/110/110/Gear/Webp",750000,9000],"Crown of Autumn Laurels":[7,"https://tr.rbxcdn.com/eb5cf41f83b61bd5a8cde481f91f171f/110/110/Hat/Webp",165000,14000],"Raven Lightning Hood":[2,"https://tr.rbxcdn.com/348c9afe21441fb2da19aee12d161fbd/110/110/Hat/Webp",200000,7599],"Halloween Headrow 2011":[7,"https://tr.rbxcdn.com/e92bf1ff15c5d4e59b95856debdf7e50/110/110/Hat/Webp",120000,6500],"Dominus Messor":[7,"https://tr.rbxcdn.com/e5e1ecaf080a90340190ff60ade448b2/110/110/Hat/Webp",49000000,100999],"Spider Shoulder Friend":[2,"https://tr.rbxcdn.com/04330c06a8155944d36e945278d337c0/110/110/Hat/Webp",315000,3000],"Hooded Dragon Tamer":[2,"https://tr.rbxcdn.com/3e3180ce928bdcab3e5008a601a1b200/110/110/Hat/Webp",125000,9600],"Master of Swordermonies":[5,"https://tr.rbxcdn.com/2b5e11385f82437da79e41d22ed81eef/110/110/Hat/Webp",235000,29999],"Dwarven Healing Warrior":[12,"https://tr.rbxcdn.com/9aecb45056f41a036544710ee7743bff/110/110/Hat/Webp",225000,9999],"Great Northern Conqueror":[1,"https://tr.rbxcdn.com/0aa5043effea66826a755f06fce99099/110/110/Hat/Webp",0,4500],"Steamroller":[4,"https://tr.rbxcdn.com/3aa945a9fb5b853975c9356b32b7673f/110/110/Hat/Webp",185000,4900],"All Hallows Warrior":[1,"https://tr.rbxcdn.com/97625fd1b7daf9696f6d0d7f84907ccc/110/110/Hat/Webp",145000,17999],"Dreamwalker's Dagger":[3,"https://tr.rbxcdn.com/287618b7bb030b4dbeb9e4430707feab/110/110/Gear/Webp",345000,26888],"Azure Pinstripe Fedora":[2,"https://tr.rbxcdn.com/b8439dc7e5b15c1eb7fba7a59bfbbb4d/110/110/Hat/Webp",2507000,30000],"Level Up Troll - Level Up Prize":[6,"https://tr.rbxcdn.com/93aed7622f36f8cf33048d8d10963523/110/110/Hat/Webp",285000,4999],"Golden Shiny Teeth":[2,"https://tr.rbxcdn.com/9bf45b4cd10a8f17842a0fe7e1ad1bf7/110/110/Face/Webp",75000,23999],"Emerald Ambassador":[2,"https://tr.rbxcdn.com/f43c14a6f8c1886ce018566ded2fc21b/110/110/Face/Webp",90000,15999],"Golden Lightning Speaker":[2,"https://tr.rbxcdn.com/ab74f2f6a14aa96af24140d3d0d05a43/110/110/Face/Webp",20000,13889],"Santa's Formal Attire":[4,"https://tr.rbxcdn.com/60dd03233a473d8a081433d2bba9a347/110/110/Hat/Webp",350000,7899],"Peppermint Headphones":[6,"https://tr.rbxcdn.com/5f27c08a80e0eed418eb7e2012460af3/110/110/Hat/Webp",25000,4500],"Studded Trucker Hat":[6,"https://tr.rbxcdn.com/a85bd1019b6614fa8ed4b61b89a1bfba/110/110/Hat/Webp",50000,2899],"Snowflake Tie":[3,"https://tr.rbxcdn.com/73a2911f460332aada3e72f83b5efcb9/110/110/Hat/Webp",84493,1999],"Disloyal Order of the Draphant":[4,"https://tr.rbxcdn.com/2b3756674d1e4a0d82b57307186c9cae/110/110/Hat/Webp",26500,2500],"Wicked Santa":[2,"https://tr.rbxcdn.com/65651f3282211f5786ff656aed1efdf9/110/110/Hat/Webp",22961,6799],"Dark Lord":[12,"https://tr.rbxcdn.com/604c5a35139f5a65b50169cdb820ba5f/110/110/Hat/Webp",200000,3100],"Spectral Sword of Illusions":[1,"https://tr.rbxcdn.com/fd6173fe0605c6daca1c16d22cacb061/110/110/Gear/Webp",75000,4500],"Noob Assist: Donut Dash":[2,"https://tr.rbxcdn.com/5be8fbbcffef5e620bbeaa1c5816ee41/110/110/Hat/Webp",0,1300],"Order of the Raven Hood":[1,"https://tr.rbxcdn.com/0c81de3d31d3dd3b8323c0e4955429e9/110/110/Hat/Webp",0,4500],"Kronoboss":[2,"https://tr.rbxcdn.com/03678403c9c98af61336d5e9cc77e5c5/110/110/Hat/Webp",450000,18999],"Azure Periastron Alpha":[2,"https://tr.rbxcdn.com/a3d54441d793bfa87d7b76e68f8ad83d/110/110/Gear/Webp",350000,16780],"Knights of the Seventh Sanctum : Dual Duel Axes":[6,"https://tr.rbxcdn.com/9801247cbc8cca7bc74aace55bb1bba6/110/110/Gear/Webp",135000,2999],"Blue Mystic Advisor":[4,"https://tr.rbxcdn.com/a28850cdadceedc5969755c0c5ff886b/110/110/Hat/Webp",325000,120000],"Ninja Master: Dojo of Doom":[3,"https://tr.rbxcdn.com/b4bec5648063450efa16eed6cfa7b953/110/110/Hat/Webp",100000,25999],"Dark Horns of Pwnage":[7,"https://tr.rbxcdn.com/adf10cd39c42ee2e70346f4dc104a882/110/110/Hat/Webp",650000,200000],"Creepy Zombie Monkey":[6,"https://tr.rbxcdn.com/57c78b37d0f7dfab685d155c4f995bb0/110/110/Gear/Webp",215000,5005],"Valentine's Day 2012 Cap":[4,"https://tr.rbxcdn.com/e5d1131c87ef33fc48495445e733db40/110/110/Hat/Webp",47500,899],"Red Sparkle Time Fedora":[4,"https://tr.rbxcdn.com/eb4d00242509cde6de2b9b9f9ff1a9ae/110/110/Hat/Webp",16200000,95999],"Glory Launcher 2012":[1,"https://tr.rbxcdn.com/37207ddbb66483ce9a1590c638700504/110/110/Gear/Webp",75000,5000],"Gravitron 3000":[2,"https://tr.rbxcdn.com/949fba343282a8707905a466da3ed241/110/110/Gear/Webp",115000,5999],"Futuristic Egg of Antigravity":[8,"https://tr.rbxcdn.com/f3e7a2e1fe896e7e3aa10bc7c4e1aa6d/110/110/Hat/Webp",47669,299],"Crossroads Sugar Egg ":[8,"https://tr.rbxcdn.com/e3f4534ddfccb0cd3a737f3b828b23b9/110/110/Hat/Webp",16500,200],"Insanely Valuable Crystal Egg ":[2,"https://tr.rbxcdn.com/216a893e1920651f912742e5d4fb83cb/110/110/Hat/Webp",60000,300],"Eggcognito Egg":[1,"https://tr.rbxcdn.com/10fb70dc7ab5dd415feaf3cf28aba76a/110/110/Hat/Webp",900000,300],"Egg of All-Devouring Darkness":[1,"https://tr.rbxcdn.com/4e2b6e03cb46c495ae2f6c04f4dadbe9/110/110/Hat/Webp",105000,755],"Elevated Egg of the Eyrie":[9,"https://tr.rbxcdn.com/6b2fe4a3c2343c5a5a0723d3aab6f38a/110/110/Hat/Webp",51500,199],"Aqueous Egg of River Riding":[1,"https://tr.rbxcdn.com/edc2a39dba5be959eb90715601aa87e2/110/110/Hat/Webp",74191,222],"Manix Ironstench":[6,"https://tr.rbxcdn.com/1710e0451efeb376e333febe052c6541/110/110/Hat/Webp",0,8699],"Dark Masquerade":[4,"https://tr.rbxcdn.com/7de6dd79fb5103626d0d3089adb30e02/110/110/Hat/Webp",150000,26999],"Eco Bot":[4,"https://tr.rbxcdn.com/35ccc7668c28b0c1d4148cf0c2489d78/110/110/Hat/Webp",75000,699],"Aluminum Recycled Bowler":[9,"https://tr.rbxcdn.com/f045846982c590fdb74583c8308e0107/110/110/Hat/Webp",165000,3999],"Kooky Wizard":[8,"https://tr.rbxcdn.com/0d7e4ae55a12a9109e74aff4ce65119f/110/110/Hat/Webp",105000,2999],"Psychedelic Top Hat":[2,"https://tr.rbxcdn.com/b87c0d490852f7a67851036ceebeffbf/110/110/Hat/Webp",190000,8000],"Chartreuse Periastron Gamma":[1,"https://tr.rbxcdn.com/4987bdf23f73765d8468ca09625186b2/110/110/Gear/Webp",175000,123999],"1337 Cyber Assassin":[2,"https://tr.rbxcdn.com/08f508e14cb63b090699578d7ae18691/110/110/Hat/Webp",65000,4988],"Rainbow Fedora":[3,"https://tr.rbxcdn.com/e885d995e8eb2b889adac041c4d5217f/110/110/Hat/Webp",100000,25000],"Azurewrath Duke Of Demons":[5,"https://tr.rbxcdn.com/af87284e72f68706107f3828de48e4f3/110/110/Hat/Webp",175000,48999],"Azurewrath: Lord of Destruction":[1,"https://tr.rbxcdn.com/b79b080ed35ff841f755f42fb90f677c/110/110/Hat/Webp",95000,5000],"Fluffy Unicorn":[20,"https://tr.rbxcdn.com/f15c8e1728d9f674e2f48be6d125f097/110/110/Gear/Webp",160000,79999],"Galactic Forcefield Glove":[1,"https://tr.rbxcdn.com/5751246e111cfa12446e4682a9394fef/110/110/Gear/Webp",0,8000],"Troll Pet":[4,"https://tr.rbxcdn.com/0e86c19ed420167a01d3b64a4d1a597a/110/110/Gear/Webp",70000,3999],"Lord of the Federation":[1,"https://tr.rbxcdn.com/4813fbb8a3378cf30f8190154f09be14/110/110/Hat/Webp",210000000,539999],"Zombie Grip Bomb":[4,"https://tr.rbxcdn.com/839b2aa1d8ccca6f3ce8a62d6ad761e7/110/110/Gear/Webp",92500,4500],"Supreme Dark Mage":[2,"https://tr.rbxcdn.com/4fbde25347f669cffa671b6eb41ee188/110/110/Hat/Webp",80914,5999],"Core Magma Top Hat":[2,"https://tr.rbxcdn.com/c1336543dcb753bc759d9f385284b76b/110/110/Hat/Webp",400000,3499],"Proud Knight":[1,"https://tr.rbxcdn.com/3eb1c6a71a57373d5bc8340660eddd5f/110/110/Hat/Webp",145000,12200],"Telamonster: the Chaos Edge":[1,"https://tr.rbxcdn.com/a1176942b01ffcb7e686e33bacdbb595/110/110/Gear/Webp",950000,499999],"Jack O' The Mist - A Target Exclusive":[3,"https://tr.rbxcdn.com/21334b718358a6c12fb18db0b5e2320e/110/110/Hat/Webp",75000,5000],"Demon Cap":[3,"https://tr.rbxcdn.com/22175304607b22d112e4a98a4adbb5ae/110/110/Hat/Webp",30111,5399],"Luger Pistol":[1,"https://upload.wikimedia.org/wikipedia/commons/thumb/f/f8/Question_mark_alternate.svg/788px-Question_mark_alternate.svg.png",4500000,4599],"Dominus Vespertilio":[4,"https://tr.rbxcdn.com/f5fdeca95cdd15579021b85076ee651a/110/110/Hat/Webp",17000000,89999],"DJ Money":[11,"https://tr.rbxcdn.com/4b9b2bf14184fdfb885a134933f714d4/110/110/Hat/Webp",245000,49999],"Post Apocalypse General":[2,"https://tr.rbxcdn.com/6a33ef5ab0d10e333e6a64178ccc1e5d/110/110/Hat/Webp",25000,2599],"Alien Monarch":[3,"https://tr.rbxcdn.com/cd85d8b68f56abb405c7da3e61be00bf/110/110/Hat/Webp",625000,29999],"Robopunk":[3,"https://tr.rbxcdn.com/1b299ab9b9bde1a0e7ae0de97e99d4be/110/110/Hat/Webp",75000,3000],"Gigantohorns":[10,"https://tr.rbxcdn.com/b2354fafbdd296e6e487543eeb18f909/110/110/Hat/Webp",215000,4599],"King of the Sea Folk":[6,"https://tr.rbxcdn.com/96871923e0b1342539e7fb9b3987b2e4/110/110/Hat/Webp",215000,500],"Carnagecopia":[9,"https://tr.rbxcdn.com/5c6bfc564830ea49fee097a99e519082/110/110/Gear/Webp",25000,3000],"Laser Spec Ops Goggles":[1,"https://tr.rbxcdn.com/feab9fb0336368bf904302e3d7f37a90/110/110/Hat/Webp",149999,11999],"Turkey Tie 2012":[4,"https://tr.rbxcdn.com/b43dbafb4066c1ceae8db8fa5d8e8212/110/110/Hat/Webp",300000,299],"Tough Guy Cap":[3,"https://tr.rbxcdn.com/83c5d81fa7945ec859f70c11eaaabe9d/110/110/Hat/Webp",0,200000],"Sharp Looking Hat - the Gear":[1,"https://tr.rbxcdn.com/17544bf3b62ddb8eca33b9fba9e59385/110/110/Gear/Webp",87500,2999],"Powerface: Extreme Fire":[2,"https://tr.rbxcdn.com/237020da097b1f7431b8b64f83598441/110/110/Hat/Webp",85000,1800],"Dark Warrior":[8,"https://tr.rbxcdn.com/94a020df0dada151f82d795722a4d938/110/110/Hat/Webp",215000,12499],"King Of Gore":[1,"https://tr.rbxcdn.com/a1d8b075adb037e68d7ae1a2f77d4bb8/110/110/Hat/Webp",0,9500],"Chocolate Egg":[1,"https://tr.rbxcdn.com/6e08f2aece53f3615fdfbd23103d2847/110/110/Hat/Webp",45000,200],"Egg of Epic Growth":[3,"https://tr.rbxcdn.com/d2a72d664df8ba2bbd8ab27d5e4b74e7/110/110/Hat/Webp",40000,200],"Black Sun's Zenith":[1,"https://tr.rbxcdn.com/5fcc63ab2f93393366056b67dfadc1b0/110/110/Hat/Webp",150000,6699],"Frost Guardian of the Frozen North":[1,"https://tr.rbxcdn.com/7a5a154e78ab32768218a9bc6aa03116/110/110/Hat/Webp",565000,25999],"Astraeus":[20,"https://tr.rbxcdn.com/0666b6ced7f6fc1fa0ab00b8381d8b06/110/110/Hat/Webp",800000,19899],"Disguised Ice Prince":[1,"https://tr.rbxcdn.com/13bfa84ed18d5026da70ddc6c65c2404/110/110/Hat/Webp",116500,1199],"Rooster Foot Soldier":[1,"https://tr.rbxcdn.com/d51802497308567a0ce67a4bcc12cb0c/110/110/Hat/Webp",450000,7100],"Pastel Guardia":[1,"https://tr.rbxcdn.com/dac072ca15210484d96176fb45840594/110/110/Hat/Webp",45000,1699],"Cake Topper":[1,"https://tr.rbxcdn.com/b5f439981bb3e2c5f585b49f514f2889/110/110/Hat/Webp",0,2300],"Evil Skeptic ":[3,"https://tr.rbxcdn.com/7ff56ff315d0d5fa7f1a0f754ea99f0e/110/110/Face/Webp",275000,50000],"Regal Dragon Fabergé Egg":[2,"https://tr.rbxcdn.com/088ae00a88f0431b85dbccee77f4737a/110/110/Hat/Webp",142000,100],"Deviled Egg":[1,"https://tr.rbxcdn.com/2075df2f335109e760eef64639989d0c/110/110/Hat/Webp",155000,200],"Supersonic Egg":[1,"https://tr.rbxcdn.com/49a0c57aa1bc9cdf7547d21cd0a6cab2/110/110/Hat/Webp",51742,100],"The Last Egg of 2013":[3,"https://tr.rbxcdn.com/b2e690114b8c5cfe2feedac859651045/110/110/Hat/Webp",65000,500],"Recycled Cardboard Shades":[5,"https://tr.rbxcdn.com/9c762905db01c2c76cf559d48b277ef9/110/110/Hat/Webp",465000,3999],"Reindeer Hood":[4,"https://tr.rbxcdn.com/687c8a0fa0dcd926d0414d7d69bdf91e/110/110/Hat/Webp",115000,299],"Red Illusion Fedora":[9,"https://tr.rbxcdn.com/dc30f2ed49f53f17988b3ce520ab16a9/110/110/Hat/Webp",130000,7999],"Pretty Pretty Princess Sceptor":[2,"https://upload.wikimedia.org/wikipedia/commons/thumb/f/f8/Question_mark_alternate.svg/788px-Question_mark_alternate.svg.png",35000,199],"Bolt Biter ":[3,"https://tr.rbxcdn.com/6e3948527ed47c90282eeb58fc570896/110/110/Hat/Webp",95000,1299],"Radioactive Robot":[2,"https://tr.rbxcdn.com/d7d41ec070f4aa7f6aacc7a3accc69cb/110/110/Hat/Webp",19500,3000],"Redspybot":[1,"https://tr.rbxcdn.com/a6b57dce2616838c9a8127393f4c1beb/110/110/Hat/Webp",48000000,10],"Captain Bluesteel":[1,"https://tr.rbxcdn.com/8a2c1dedc4e8dafbea96add3497ea4cf/110/110/Hat/Webp",80000,1599],"The Maker Fedora":[10,"https://tr.rbxcdn.com/0bbb5e91843dc47a18bc6567d9938a36/110/110/Hat/Webp",215000,56999],"Toxic Urchin":[1,"https://tr.rbxcdn.com/388aa447b0f5243c6991aa3b9edd1a8b/110/110/Hat/Webp",0,6999],"Off the Chain Style":[3,"https://tr.rbxcdn.com/230bed023eff886a09c83ec16b97fe22/110/110/Hat/Webp",385000,48999],"Amerilaser Blaster":[5,"https://tr.rbxcdn.com/3c1c7da3127c8615520869b121a83631/110/110/Gear/Webp",130000,5000],"Technicolor Shades":[1,"https://tr.rbxcdn.com/15045d84e76950f4b29f59dc33ff99f7/110/110/Hat/Webp",48500,1399],"Crimsonwrath, Lord of the Magma":[2,"https://tr.rbxcdn.com/bf00292af52e44e7226ead024f74a1f2/110/110/Hat/Webp",0,85000],"Retro Pattern Shades":[10,"https://tr.rbxcdn.com/d6b04424d0b16711575d32ad138e8bae/110/110/Hat/Webp",52500,80],"Crimsonpunk":[2,"https://tr.rbxcdn.com/ef4a344f5b4854f71d77d2adfc1dde25/110/110/Hat/Webp",90000,7000],"Ice Coldphones":[3,"https://tr.rbxcdn.com/cea479fd9f31b21e564d3c1ab1376218/110/110/Hat/Webp",55000,1000],"Cool Moon Shades":[2,"https://tr.rbxcdn.com/43ff01793fb829a85e8a494c51a26071/110/110/Hat/Webp",185000,3500],"Rainbow Band Fedora":[3,"https://tr.rbxcdn.com/5957baa6838ddd1d93bd48abae3ae925/110/110/Hat/Webp",55000,2999],"Redcliff Headphones":[2,"https://tr.rbxcdn.com/ac6bbe825ecd37ac8945098269596e23/110/110/Hat/Webp",60000,3400],"Red, White, and Bow Tie":[1,"https://tr.rbxcdn.com/fc7e3d595e3e58e0e80a9c70cbbe0a32/110/110/Hat/Webp",0,2999],"Red, White, and Shaggy":[1,"https://tr.rbxcdn.com/ec0fd6124e7ba6b9e73e2bcf2e28b4b2/110/110/Hat/Webp",63500,26999],"Steam of Columbia":[1,"https://tr.rbxcdn.com/13ffd4189aa539dd7e50fe11457d14b7/110/110/Hat/Webp",110000,5999],"International Bowler":[6,"https://tr.rbxcdn.com/9b83f36fb377986cc4e13f7b55c04927/110/110/Hat/Webp",48500,3200],"Canute the Great":[5,"https://tr.rbxcdn.com/b22afcf20e373b0d25fba8593a707a39/110/110/Hat/Webp",165000,3999],"Chronoinitium: The Harbinger Helm":[5,"https://tr.rbxcdn.com/aba9a636f00482cda2505bbaebbf4b44/110/110/Hat/Webp",15500000,70000],"Masked Hood of the Slitherspeaker":[3,"https://tr.rbxcdn.com/e5adee7e2cd3120f68fa90b0bbb89676/110/110/Hat/Webp",200000,16099],"Silver Helmed Hero":[2,"https://tr.rbxcdn.com/a035e659db17aea4ffdf50c34d582a3c/110/110/Hat/Webp",195000,7899],"Scroll of Sevenless":[5,"https://tr.rbxcdn.com/a31d3edfc2da134cb542c44cdef924bf/110/110/Gear/Webp",535000,15999],"New York":[1,"https://tr.rbxcdn.com/4c685ac9ae977ec5178d9b5e3ab64d1d/110/110/Hat/Webp",90000,2399],"Knights of the Splintered Skies: Wind Summoner":[2,"https://tr.rbxcdn.com/28180db8470218ed5f7896140f99cdc6/110/110/Gear/Webp",175000,24999],"Storm Lonedoom":[3,"https://tr.rbxcdn.com/c9e62372868f96f0acc05c1a19f8fcd0/110/110/Hat/Webp",150000,2500],"Flying Nightmare ":[1,"https://tr.rbxcdn.com/e94d8267b0bec881c6e0678424886f90/110/110/Hat/Webp",0,8999],"Friday the 13th Top Hat":[5,"https://tr.rbxcdn.com/6bf9a1eb786f55f87051247cf63ed697/110/110/Hat/Webp",30000,599],"Virtual BLOXcon Top Hat":[2,"https://tr.rbxcdn.com/cd4893e557d0cc0ae79a71acb925f62a/110/110/Hat/Webp",790000,6700],"ROBLOX Madness Face":[6,"https://tr.rbxcdn.com/7c787e26bfb1983810fffaebe52cf5b3/110/110/Face/Webp",445000,10000],"Bewitching Amphibian":[1,"https://tr.rbxcdn.com/9d5dda2e8d59adbd2393376f020ef81d/110/110/Hat/Webp",0,12999],"Dark Tidings":[5,"https://tr.rbxcdn.com/6a81bcccabed75ac20bb5745efccdfb8/110/110/Hat/Webp",30000,3500],"Scare Mayor Top Hat":[1,"https://tr.rbxcdn.com/3cad5ce90dda31177678071d5d63356a/110/110/Hat/Webp",47500,1999],"Bat O' Lantern":[4,"https://tr.rbxcdn.com/ebd43b439f95fdfd25d40beedfd71437/110/110/Hat/Webp",285000,4999],"Laser Blue Riding Hood":[2,"https://tr.rbxcdn.com/54989b96f9e9927585547e915cf6497a/110/110/Hat/Webp",695000,14999],"Flaming Hotphones":[2,"https://tr.rbxcdn.com/303884197d8a373090253fdc543e4db2/110/110/Hat/Webp",18500,1400],"Holiday Bot":[1,"https://tr.rbxcdn.com/dfac29f9f1c49dae671d0fb68c663546/110/110/Hat/Webp",26500,30000],"Penguin Friend":[1,"https://tr.rbxcdn.com/cafa432f4faa50073cffe8fbdfb1f7cb/110/110/Hat/Webp",74067,2500],"Forest Emerald  Crest":[7,"https://tr.rbxcdn.com/a30972d65d24c88bd95a3bba26237ead/110/110/Hat/Webp",185000,16400],"The King's Knight":[1,"https://tr.rbxcdn.com/f0f22483c2c1539209bd0de31981d1af/110/110/Hat/Webp",145000,1000],"Cyanime Super Star":[2,"https://tr.rbxcdn.com/d180c7cdb54682ff6409134e18eb0c2e/110/110/Hat/Webp",105000,3000],"Sparkle Time Lump of Coal":[10,"https://tr.rbxcdn.com/735e2b6e6f97f4a0cb892b0aca5c3d6b/110/110/Gear/Webp",10000,4609],"Reindeer Cap":[10,"https://tr.rbxcdn.com/e1f869fed6bd7fbd41d5e9fef339529b/110/110/Hat/Webp",55000,200],"Dominus Aureus":[1,"https://tr.rbxcdn.com/3a2e20150ce81dda877189e219ba904b/110/110/Hat/Webp",23500000,300000],"Raig Tree":[1,"https://tr.rbxcdn.com/1e294b2a484409a7e5f6b5c9e1490741/110/110/Hat/Webp",85000,1299],"Festive Periastron Chi":[2,"https://tr.rbxcdn.com/9fc8ca3e09b15e8fc8872b731cd74a36/110/110/Gear/Webp",210000,40000],"Sword of Swords":[5,"https://tr.rbxcdn.com/fba68aa91d8281f812e631cd89862987/110/110/Gear/Webp",200000,7299],"Tri-Laser 333":[3,"https://tr.rbxcdn.com/cca52704a17d78afc1ceed669ef7a6d5/110/110/Gear/Webp",435000,5000],"Festive Narwhal":[6,"https://tr.rbxcdn.com/e1ceca306ac97d41ebd7d0160471730f/110/110/Hat/Webp",147625,450],"Well Accessorized Time Punk":[2,"https://tr.rbxcdn.com/65ae6d7f0d5907dbf08dd10837b92f23/110/110/Hat/Webp",0,2000],"Steampunk Bobbie":[1,"https://tr.rbxcdn.com/bdf779fd1db5ac4c236087a1283b3335/110/110/Hat/Webp",1650000,5],"Comically Oversized Hat":[6,"https://tr.rbxcdn.com/9c52922ca35ccb456b026526668934b9/110/110/Hat/Webp",95000,899],"Classic Hat Stack":[2,"https://tr.rbxcdn.com/966f7f1cd9fd92ed8ca2559068574724/110/110/Hat/Webp",1450000,75999],"CotM: January Camo Chicken":[8,"https://tr.rbxcdn.com/14443e37775bac888a86ab71d2dc7095/110/110/Hat/Webp",110000,1000],"BreezeKreig  Adventurer":[8,"https://tr.rbxcdn.com/19d9b891e3a5342552fef859f1a875a9/110/110/Hat/Webp",150000,500],"Pirate Chicken":[3,"https://tr.rbxcdn.com/6477a03e654515a4d6b1e5afbb84cbf7/110/110/Hat/Webp",40000,2199],"<3 Fedora":[4,"https://tr.rbxcdn.com/201d5aeb029a69bfabea7e99508ae9e8/110/110/Hat/Webp",1250000,6799],"Heart Balloon":[3,"https://tr.rbxcdn.com/ba3d5b71efcaa4de2f3971a14217a7e4/110/110/Gear/Webp",175000,58999],"Coolest Founding Father":[15,"https://tr.rbxcdn.com/93e9203e92fb47c750e1758c49d08bc8/110/110/Hat/Webp",31500,600],"Earl of the Federation":[1,"https://tr.rbxcdn.com/a8e271d2ffd46398ea74a893a5e4376d/110/110/Hat/Webp",25000000,239999],"Sword Punch":[3,"https://tr.rbxcdn.com/d67374eca6e77d4c061537f8da017f05/110/110/Gear/Webp",75500,2599],"Bombastic Antlers":[1,"https://tr.rbxcdn.com/b115e60579ed712a1c4d39d6c520e374/110/110/Hat/Webp",235086,22000],"Antenna Antlers":[1,"https://tr.rbxcdn.com/d2ffacc8ae9bd06f5d7117f48c7520bd/110/110/Hat/Webp",90500000,99999],"Piephones":[10,"https://tr.rbxcdn.com/a52fbeefe02e44b97f943af728017283/110/110/Hat/Webp",300000,6700],"Skull Patrick":[30,"https://tr.rbxcdn.com/39cc9831e2da4f62542838d2891afe01/110/110/Hat/Webp",225000,5999],"Thrill Seeker":[1,"https://tr.rbxcdn.com/a38718baad027ead955dd523d280b057/110/110/Hat/Webp",90117,1200],"Spring Bow Tie":[3,"https://tr.rbxcdn.com/73220a1aabd472d063dab7aa59e144b2/110/110/Hat/Webp",60000,1599],"DIY Dominus Empyreus":[9,"https://tr.rbxcdn.com/49a8b9cefb73ac99b363cc7b6e2f99e7/110/110/Hat/Webp",120000,19999],"Crown of Tones":[2,"https://tr.rbxcdn.com/e5998ebdfa54f4e2675f46e1bfe9ded8/110/110/Hat/Webp",1450000,45000],"Basic Egg 2014":[6,"https://tr.rbxcdn.com/e139c0d815c290d2b8301031a5b7cc4c/110/110/Hat/Webp",52500,199],"Aqua Fabergé Egg of Never-ending Winter":[2,"https://tr.rbxcdn.com/56f63e571245ba99502df16a3301b8be/110/110/Hat/Webp",43500,400],"Poached Egg":[3,"https://tr.rbxcdn.com/2e8a709048037e93f1d038bdbd425d55/110/110/Hat/Webp",45000,100],"Nerdy Bunny ":[3,"https://tr.rbxcdn.com/a5c9c3e9a8cca1c60bc1d51fe37d9d87/110/110/Hat/Webp",140000,1999],"The Darkest Alchemist Faceplate":[1,"https://tr.rbxcdn.com/b6364aa692089f23105c2f5e8d3c55e1/110/110/Hat/Webp",0,5999],"Eggy Pop":[1,"https://tr.rbxcdn.com/efb80dd5b6732b9453ccc90cdf42cc6a/110/110/Hat/Webp",0,150],"Egg of the Phoenix":[1,"https://tr.rbxcdn.com/a499ffc041b03da5930fbdcd1d8e5a27/110/110/Hat/Webp",68500,299],"Ruby Fabergé Egg of Sparkle Time":[1,"https://tr.rbxcdn.com/7eb5fc1d757db0f9b28811501f40aa5f/110/110/Hat/Webp",83500,1899],"Alien Arteggfact":[1,"https://tr.rbxcdn.com/fbfed2aa7b9debbe81551fb6cc82b53e/110/110/Hat/Webp",79574,200],"Rabid Egg":[8,"https://tr.rbxcdn.com/e87e6a7875641ea0034c4ee4b02cf02f/110/110/Hat/Webp",200000,555],"Hip-Hop Bunny":[1,"https://tr.rbxcdn.com/fa09121ed97926745271dbdf2227fc4d/110/110/Hat/Webp",60000,3000],"Exploding Lab Table":[14,"https://tr.rbxcdn.com/63350b7c2df11ddc406d9db8e981bfea/110/110/Gear/Webp",800000,3999],"Lady May Day":[1,"https://tr.rbxcdn.com/13dde4388f6d7a800ab91141cc761f9a/110/110/Hat/Webp",0,4200],"Robot Wizard":[1,"https://tr.rbxcdn.com/e0d1b8653d44e2c802f7aafa5f65b347/110/110/Hat/Webp",363000,4400],"Captain Doge":[1,"https://tr.rbxcdn.com/920e3e38d2609e1ae48f7a60bf3a168b/110/110/Hat/Webp",0,24999],"Korblox Ice Crystal Circlet":[2,"https://tr.rbxcdn.com/6d116e66d06571ce4e46cbaa3171d805/110/110/Hat/Webp",175000,7999],"Inspector Catpunk":[9,"https://tr.rbxcdn.com/278829ddc708789fba3c1c60ffb156bd/110/110/Hat/Webp",550000,2499],"Breakfast Top Hat":[1,"https://tr.rbxcdn.com/d0298bf2fb3981f82d3ce206f1dab3df/110/110/Hat/Webp",39500,1600],"ROBLOX Camo Cap":[5,"https://tr.rbxcdn.com/a36ce1d6736f8f1e271318259bfeb005/110/110/Hat/Webp",32000,222],"Collision Top Hat":[1,"https://tr.rbxcdn.com/b0901eb5efb7fccd75f6d1e66d118547/110/110/Hat/Webp",520000,30000],"Watermelon Samurai":[4,"https://tr.rbxcdn.com/affc2fddcabce19613784c1d811995f3/110/110/Hat/Webp",115000,2199],"Shooting Star 2014":[3,"https://tr.rbxcdn.com/c88a0f6006c0fb1abb8f9ab81f6f3fec/110/110/Hat/Webp",360000,5100],"Star Player Headphones":[1,"https://tr.rbxcdn.com/cd0ee1c268f2412a1a27130f0e3f75d0/110/110/Hat/Webp",146233,500],"Dominus Astra":[1,"https://tr.rbxcdn.com/15dcac1c1953aaca0b4710e0da38d7ac/110/110/Hat/Webp",60000000,19999],"The Sleepy Elder God":[2,"https://tr.rbxcdn.com/29d7ee0753c8f385d4e7ff597913c65f/110/110/Hat/Webp",86945,4400],"Patriot Locator Top Hat":[17,"https://tr.rbxcdn.com/bb6812d18b8efefc4ac773424b15a737/110/110/Hat/Webp",29250,2000],"Stickmasterluke's Peanut Butter Sparkle Time":[3,"https://tr.rbxcdn.com/71c617af252763ad007d4c7624095537/110/110/Hat/Webp",140000,178999],"Hat-Eating Hat":[2,"https://tr.rbxcdn.com/a2de16a70027c021131d743ed0052119/110/110/Hat/Webp",195000,9999],"Workclock Headphones":[1,"https://upload.wikimedia.org/wikipedia/commons/thumb/f/f8/Question_mark_alternate.svg/788px-Question_mark_alternate.svg.png",28500000,129999],"Cookie Clicker Crown":[6,"https://tr.rbxcdn.com/fa69becbba279d9ae94496805c408806/110/110/Hat/Webp",325000,35999],"Skull of Robloxians Past":[3,"https://tr.rbxcdn.com/bbd25c55ad65ae02609a1a072d55f0eb/110/110/Hat/Webp",135000,2800],"Mr. Fancy Skeleton":[4,"https://tr.rbxcdn.com/c8442cf19ce95fdda6fdf4e394146ef7/110/110/Hat/Webp",475000,26999],"Cthulhu in Disguise":[3,"https://tr.rbxcdn.com/a9499560d5f7ac64533761677e3f60de/110/110/Hat/Webp",92500,2999],"Starlet Disguise":[1,"https://tr.rbxcdn.com/2b636b294d776c9a6c60ced72be139b1/110/110/Hat/Webp",145000,2899],"Countess of the Federation":[1,"https://tr.rbxcdn.com/f964336c9023d5912e7a2fb3e2f5525d/110/110/Hat/Webp",8250000,150000],"Doge Santa":[6,"https://tr.rbxcdn.com/90f21091bd904d2bc0b93e6ca823b31f/110/110/Hat/Webp",175000,40000],"Joyful Bell Helmet":[5,"https://tr.rbxcdn.com/3755b569e2df833ff71c61999fe3163f/110/110/Hat/Webp",110000,200],"Steampunk Santa":[2,"https://tr.rbxcdn.com/24217f2c5907a8461ad069cbafdb4328/110/110/Hat/Webp",47500,1500],"Golden Antlers":[1,"https://tr.rbxcdn.com/4af5a61653c5d00c924b4b3d3aa330a7/110/110/Hat/Webp",1300000,50000],"Winter Conjurer":[10,"https://tr.rbxcdn.com/6532dbc94b6025af1c3c9d89fe812473/110/110/Hat/Webp",65000,45999],"Super Shimmer Shine Hat and Glasses":[5,"https://tr.rbxcdn.com/7fd25a6bb0cde8801997f7513fe28e89/110/110/Hat/Webp",155000,5999],"Purple Horns of the Mystic":[3,"https://tr.rbxcdn.com/7a2179caad7ccbceaa787650110a2b41/110/110/Hat/Webp",50000,3369],"Sharp Shark Sword":[6,"https://tr.rbxcdn.com/1f0451d4cd4a36a08be8370fe9ffe80e/110/110/Gear/Webp",175000,4299],"Steampunk Tricorn":[2,"https://tr.rbxcdn.com/13628ab0c4d2db3170bd8db0d843098c/110/110/Hat/Webp",42500,1399],"President Doge":[2,"https://tr.rbxcdn.com/9b02c1a615f799a4b9026f51474364fe/110/110/Hat/Webp",225000,20000],"Neon Pink Shaggy":[1,"https://tr.rbxcdn.com/b7f1de3fc4b974256b1c124b64c11760/110/110/Hat/Webp",635000,200000],"Knight of the Violet Abyss":[4,"https://tr.rbxcdn.com/8bdd26cb3da2c21b89f5f72f67cda7aa/110/110/Hat/Webp",205000,50000],"Rainboa":[3,"https://tr.rbxcdn.com/16ed2db9f9b862345378006b580e2dc3/110/110/Hat/Webp",115000,2300],"Mrs. Rabbit":[3,"https://tr.rbxcdn.com/d2048c038ae74f4963f52ba7ca6f8e70/110/110/Hat/Webp",82500,3599],"Burger Launcher":[9,"https://tr.rbxcdn.com/b3e78d1eafa6bc5df2e4c4b37f1c8b2f/110/110/Gear/Webp",62931,3099],"Mystic Sword of the Flames":[6,"https://tr.rbxcdn.com/117a4e84e1605ba8087c24682a6760e1/110/110/Gear/Webp",350000,25000],"Mythic Sword of the Earth":[2,"https://tr.rbxcdn.com/d331f9a5678bff5ba94bdc1286f45731/110/110/Gear/Webp",0,12000],"Eye Snake Shades":[1,"https://tr.rbxcdn.com/64ab0efea36b051041af1e5773311c2c/110/110/Hat/Webp",20000,1021],"Broken Tee Vee":[3,"https://tr.rbxcdn.com/d5bd1ddeb500dd3b5a2dd27009bf61f4/110/110/Hat/Webp",100000,280],"Sparkle Time Chicken":[8,"https://tr.rbxcdn.com/cf86bb8339b96a82c9b60685047ecdc5/110/110/Hat/Webp",185000,4599],"Fancy Purple Hat":[2,"https://tr.rbxcdn.com/488d2bbf78a29ad46dc8a11ec1cc8b8d/110/110/Hat/Webp",21111,4499],"Noob Attack: Raig Table Revenge":[5,"https://tr.rbxcdn.com/6d6b1328d20f4523acfcaf7eeb99d8b8/110/110/Hat/Webp",42500,1599],"Maker Wrench Pack 2015":[1,"https://tr.rbxcdn.com/2311585378a3b6058e65316430ff8be1/110/110/Hat/Webp",1,5400],"Purple Steampunk Robin Hood":[2,"https://tr.rbxcdn.com/54ae70bcc272594a5ed0ef9d0678496d/110/110/Hat/Webp",175000,900],"Blue Trance":[3,"https://tr.rbxcdn.com/63618563b593b0863b2eced76433905c/110/110/Face/Webp",130000,10399],"Lime Glasses":[7,"https://tr.rbxcdn.com/d9c5bef214c9040b2b6b0bfda85a645e/110/110/Hat/Webp",47500,100],"When Animals Attack: Elephant Aggression":[1,"https://tr.rbxcdn.com/f481ca9897959bb4a1c0285bb75f2c58/110/110/Hat/Webp",0,20000],"Sk8r Grl":[2,"https://tr.rbxcdn.com/4d9533f993eef83ca07e1987c0e2797b/110/110/Hat/Webp",70000,1338],"Tasteless Bow Tie":[13,"https://tr.rbxcdn.com/30647480ea9e6c3ae01aa1e3e05ebdf6/110/110/Hat/Webp",390000,6730],"Sad Clown":[1,"https://tr.rbxcdn.com/7842a3e247d5c7f5472ab4f2215719db/110/110/Face/Webp",0,80000],"When Animals Attack: Tiger Tussle":[2,"https://tr.rbxcdn.com/e5c45b1b13fe31c82a3c6a2d736756ae/110/110/Hat/Webp",1770000,11999],"Black Sparkle Time Fedora":[2,"https://tr.rbxcdn.com/9813b0fc430f58d67c613cf723cbeec8/110/110/Hat/Webp",11500000,99999],"Vorcax's Midnight Commando":[16,"https://tr.rbxcdn.com/0592facd82667babd541e5f05929b275/110/110/Hat/Webp",650000,14999],"Yellow Sleep Owl":[1,"https://tr.rbxcdn.com/c644d2d5f2b1b77f91c12694862aebdb/110/110/Hat/Webp",15500,600],"Black Iron Domino Crown":[1,"https://upload.wikimedia.org/wikipedia/commons/thumb/f/f8/Question_mark_alternate.svg/788px-Question_mark_alternate.svg.png",52500000,499999],"Bucket of the Sea":[4,"https://tr.rbxcdn.com/6d78eed2bfaf28f711e319671838c778/110/110/Hat/Webp",105000,3100],"Breakfast Shades":[7,"https://tr.rbxcdn.com/fa60b83b1b3630ec61cca0665f4e7abf/110/110/Hat/Webp",27500,1000],"Citrine Vision Visor":[6,"https://tr.rbxcdn.com/c3d24afcd55e4e990f16c171b081fc90/110/110/Hat/Webp",280000,5699],"Overseer Overlord":[1,"https://tr.rbxcdn.com/e9cc4fe867be26263089c24aa2835032/110/110/Hat/Webp",185000,6666],"Overseer Hooded Cloak":[1,"https://tr.rbxcdn.com/dcf870d2cfee692c455a974bc0fb49f1/110/110/Hat/Webp",335000,6199],"CW Ultimate: Wulfinite Will":[2,"https://tr.rbxcdn.com/388c4e962963b9e837593f2a33d2f316/110/110/Hat/Webp",1800000,139999],"Merely's Bluesteel Hoverboard":[14,"https://tr.rbxcdn.com/031aaa925bb4ecb1e695b48e34843bc2/110/110/Gear/Webp",325000,4300],"Omega Rainbow Sword":[3,"https://tr.rbxcdn.com/e4872b22a2cf7f95190a481f417f8465/110/110/Gear/Webp",135000,17999],"From the Vault: Alpaca Plushie":[1,"https://tr.rbxcdn.com/4d9ec9cefa21f2c35c1c26af0db3ef84/110/110/Gear/Webp",55000,40999],"From the Vault: Alligator Plushie":[7,"https://tr.rbxcdn.com/a04ea0ad55c0702f6f30ba8b7a11d22d/110/110/Gear/Webp",65000,14999],"Archduke of the Federation":[1,"https://tr.rbxcdn.com/ee07a50394bf8f77e02b9ebd468c329f/110/110/Hat/Webp",79500000,399999],"Sapphire Crystal Circlet ":[12,"https://tr.rbxcdn.com/cad7a59b1b32588e403b1b661b574593/110/110/Hat/Webp",945000,29999],"Evil Duck Roped":[8,"https://tr.rbxcdn.com/1ca272843354d2c9707d2036bc06a9b9/110/110/Gear/Webp",950000,8499],"Zombie Doge":[5,"https://tr.rbxcdn.com/74817d447e9879cb22fa171bd519a51e/110/110/Hat/Webp",95000,59999],"Monster Bow Tie":[3,"https://tr.rbxcdn.com/ac78acd77977bc1ad9cfeb61e0a4d403/110/110/Hat/Webp",100000,2199],"Magic Wizard Owl":[6,"https://tr.rbxcdn.com/a943930d6918e7a5b20a45f8515fceb0/110/110/Hat/Webp",75000,4199],"The Pharaohs Guard Sword":[1,"https://tr.rbxcdn.com/af9778c0fddd4c4d066fe1b63203b0b3/110/110/Gear/Webp",15000,8000],"Undersmeller Major General":[1,"https://tr.rbxcdn.com/eb3fb60e2fcd06a33f454b88845c011a/110/110/Hat/Webp",215000,18000],"Dance Police":[6,"https://tr.rbxcdn.com/cbec183620d2b9a7cf55b9a84ae8088c/110/110/Hat/Webp",69000,5999],"Chill Cap":[9,"https://tr.rbxcdn.com/a82bd66b24bb66c5061510f53a40ae55/110/110/Hat/Webp",105000,799]," 8-Bit Rainbow Bowler":[1,"https://tr.rbxcdn.com/cf604717c2313413b0e4ead2c1e88273/110/110/Hat/Webp",80000,1899]," Nuclear Winter":[1,"https://tr.rbxcdn.com/3aa0957dbf33365d9ea4076cc9ace6cc/110/110/Hat/Webp",31903,2000],"Portrait of a Hero in ROBLOX ":[1,"https://tr.rbxcdn.com/ca5fce51fd7d81636d253b8385181995/110/110/Hat/Webp",90000,599],"Dominus Pittacium":[1,"https://tr.rbxcdn.com/49030b4e373645f427378c9f86b61f8f/110/110/Hat/Webp",26000000,6999999],"Ceremonial Guard of the Archduke of the Federation":[1,"https://tr.rbxcdn.com/d428d43323a3612de95efd7add059853/110/110/Hat/Webp",545000,30000],"Living Art: Number Four":[4,"https://tr.rbxcdn.com/3918177b10bd0a003fd655d17fc51de8/110/110/Hat/Webp",30000,6700],"Periastron Crown":[2,"https://tr.rbxcdn.com/43789c27fcfa9edf0dc9e291bbbc991f/110/110/Hat/Webp",95000,16999],"Fire Flash Shades":[1,"https://tr.rbxcdn.com/8c6103d6e2559b4e6d64abb56f400562/110/110/Hat/Webp",375000,30000],"Bombastic Scary Hood":[1,"https://tr.rbxcdn.com/dbb8c5e4d9a8fe7ac515de846c931ed6/110/110/Hat/Webp",99900,3000],"Eyes of Everflame":[5,"https://tr.rbxcdn.com/3c1ed09ef565ebead6e1710f4848e2f4/110/110/Face/Webp",115000,5000],"Purple Bubble Trouble":[5,"https://tr.rbxcdn.com/bd5005e55ae7d83ddb30f4377a46780c/110/110/Face/Webp",135000,30000],"Tasteless Bluesteel Shades":[2,"https://tr.rbxcdn.com/493bc77e2c96c18a5518afa3d521606a/110/110/Hat/Webp",105000,100000],"Virtual Commando":[10,"https://tr.rbxcdn.com/94d495565c164759d4b67dce10c0fc26/110/110/Hat/Webp",175000,7899],"Living Art: A New President":[7,"https://tr.rbxcdn.com/da8e17605282ad9baaf1043298f091b3/110/110/Hat/Webp",60000,4000],"Neon Purple Crazy Crown":[4,"https://tr.rbxcdn.com/56bf150751171beb7b908c0fb98112d0/110/110/Hat/Webp",675000,49999],"Red Rock Star Smile":[12,"https://tr.rbxcdn.com/286a07e9dea61c1bf93869d61fa07072/110/110/Face/Webp",235000,49999],"Really Embarrassed":[4,"https://tr.rbxcdn.com/ff9c1e3adf082d25a6fd09aa32ec4809/110/110/Face/Webp",235000,600],"Green Bubble Trouble":[4,"https://tr.rbxcdn.com/31ef600ffd4799447dbedeac735cc2e1/110/110/Face/Webp",94500,38999],"Tixvalk":[1,"https://tr.rbxcdn.com/879738af14e83f9b9bdc067fdd3ad7d7/110/110/Hat/Webp",9750000,19999],"Tix Shaggy":[2,"https://tr.rbxcdn.com/78fd16551c94ca950061ab80677f84f9/110/110/Hat/Webp",6000000,1700000],"Tix Domino Crown":[2,"https://upload.wikimedia.org/wikipedia/commons/thumb/f/f8/Question_mark_alternate.svg/788px-Question_mark_alternate.svg.png",75000000,519999],"Gold 8-Bit Headphones":[2,"https://tr.rbxcdn.com/3b19859f67224e76e2b1c824c50524ee/110/110/Hat/Webp",170000,16599],"Crabby Bunny Cat":[4,"https://tr.rbxcdn.com/f516fc7b5fe08146a891be878db81558/110/110/Hat/Webp",0,9199],"Katana Traveling Pack":[1,"https://tr.rbxcdn.com/d1ee043d3e593ae2003cc80c518290a7/110/110/Hat/Webp",49500,400],"Black Iron Antlers":[1,"https://tr.rbxcdn.com/b23cda2b622222cd70d990e8f3b82c93/110/110/Hat/Webp",155000,6999],"Bacon Face":[1,"https://tr.rbxcdn.com/ceb96ae78a4546f6174d1c19fb763bc3/110/110/Face/Webp",0,8299],"Yellow Glowing Eyes":[1,"https://tr.rbxcdn.com/0c2a315146e5c1a1680a3e5ce084bd1e/110/110/Face/Webp",1850000,200000],"Blue Sparkle Time Bowler":[1,"https://tr.rbxcdn.com/b96ae02e0747ade7b72d052cd39bebb3/110/110/Hat/Webp",120000,999],"Orange Shaggy":[1,"https://tr.rbxcdn.com/2a9e4cbcf9d7909bf98ff4c9bf7943e4/110/110/Hat/Webp",110000,20999],"Summer Bowler":[2,"https://tr.rbxcdn.com/ee8515a2d2ecf242355963fea4cb2b0c/110/110/Hat/Webp",20000,399],"Adurite King of the Night ":[2,"https://tr.rbxcdn.com/55fec25a2c177efc17b2020ed0bb516e/110/110/Hat/Webp",475000,169999],"Goldlika: Patriot":[5,"https://tr.rbxcdn.com/b508a9c17dcf57875424d43b10d4626e/110/110/Hat/Webp",29000000,159999],"American Warrior: White Hot Fury":[14,"https://tr.rbxcdn.com/7777bb43db2da6fa6440d6b9eb4a8f2a/110/110/Hat/Webp",600000,999],"Overseer All-Seeing Pendant ":[1,"https://tr.rbxcdn.com/7329fe95bbfb25c5eba546bc6a588d11/110/110/Hat/Webp",0,18000],"Noob Attack: Pitch Fork Pacification":[3,"https://tr.rbxcdn.com/3cc09b58674732661fcf808456eb81b7/110/110/Hat/Webp",30000,500],"Super Super Happy Face":[5,"https://tr.rbxcdn.com/5eacc7281795d67c2ef8363261f1e149/110/110/Face/Webp",890000,11999],"8-Bit Eyeball":[1,"https://tr.rbxcdn.com/af7722e59469fd34db4b3d56a1789a61/110/110/Hat/Webp",275000,2700],"Zombie Attack Bunny":[4,"https://tr.rbxcdn.com/f42637c114be31fc28727ab716ab2d9a/110/110/Gear/Webp",200000,4000],"Dominus Praefectus":[5,"https://tr.rbxcdn.com/52ced757b04ddd3c0bab8b6ef7343175/110/110/Hat/Webp",8450000,19999],"Shoulder Shark Cat":[2,"https://tr.rbxcdn.com/43578cb50e72f7721a1379aa29e95fab/110/110/Hat/Webp",30000,250],"Overseer Guardia":[3,"https://tr.rbxcdn.com/a88c1ffb5ff191c0bc1fa23f9d498530/110/110/Hat/Webp",190000,5999],"Powerface: Wretched Wind":[1,"https://tr.rbxcdn.com/e6ef0f67991383ef9e6dd7730757e3c9/110/110/Hat/Webp",92500,800],"Blue Queen of the Night":[1,"https://tr.rbxcdn.com/d7706c862b8a7ef84ddcfb36848ebbd4/110/110/Hat/Webp",1005000,179999],"Pink Queen of the Night":[4,"https://tr.rbxcdn.com/6d93752d34306fb878c8b55f6eff0925/110/110/Hat/Webp",700000,149999],"Madbot 10000":[7,"https://tr.rbxcdn.com/75587dfa75bfa5ee5d8f01b123ce2ccb/110/110/Face/Webp",450000,11999],"Fruitcake Topper":[5,"https://tr.rbxcdn.com/3a55b06fe758cb07d8a177b7a27840dd/110/110/Hat/Webp",40000,1699],"Ruby Starstone of the Federation":[2,"https://tr.rbxcdn.com/c7a1c9825f90b3e276062c96c12db570/110/110/Hat/Webp",775000,59999],"Sparkle Time Santa Hat":[5,"https://tr.rbxcdn.com/7c320e97c893a51a5a3ede6d478d7037/110/110/Hat/Webp",225000,5000],"Red 8-Bit Bow Tie":[1,"https://tr.rbxcdn.com/b1e2281ea0bd8e55ba78c1f81943840c/110/110/Hat/Webp",185000,500],"Chillin' Headrow":[7,"https://tr.rbxcdn.com/3c3d074dfa5aaafa5f275d2b4f2aa245/110/110/Hat/Webp",70000,2000],"Blue Amazeface":[1,"https://tr.rbxcdn.com/c36605bffd3a79747fbda7e20423bd61/110/110/Face/Webp",64565,6999],"Lavender Amazeface":[27,"https://tr.rbxcdn.com/885d80dc9c12e2e9102f1e55e6858bf6/110/110/Face/Webp",220000,1050],"Silver Emperor of the Night":[2,"https://tr.rbxcdn.com/efb4b0892d5aab1258afd748eaea2f62/110/110/Hat/Webp",475000,189999],"Sleepy Pink Raccoon":[1,"https://tr.rbxcdn.com/bd83cc56cd8f17a395ba4117b29c02e2/110/110/Hat/Webp",1000000,3000],"The Blade of the Federation":[1,"https://tr.rbxcdn.com/c31110aec25fa85c7511fb2ddabd7c8c/110/110/Gear/Webp",115000,9999],"Portrait of a Hero Camping":[2,"https://tr.rbxcdn.com/0cee00307b291f43e2c241ad6f7c1ee1/110/110/Hat/Webp",1680000,7400],"Overseer Overload Headphones ":[8,"https://tr.rbxcdn.com/3469edd66831c867b6ae194f5f4bec59/110/110/Hat/Webp",85000,799],"Master of Disguise Mustache":[21,"https://tr.rbxcdn.com/83f1f9c3d4c47d86bbba00d1d85dfa64/110/110/Hat/Webp",35000,399],"Evil Hatbot":[1,"https://tr.rbxcdn.com/a67e37a91516b22e83408ac920254491/110/110/Hat/Webp",675000,5689],"Noob Assist: Undead Unrest":[2,"https://tr.rbxcdn.com/51a830aa3180557301f4572460c1cf39/110/110/Hat/Webp",48500,1000],"Sparkle Time Valkyrie":[1,"https://tr.rbxcdn.com/2c266fe700ca91c4dd2724194e351bbd/110/110/Hat/Webp",1800000,100000],"Blizzard Beast Mode Bandana":[6,"https://tr.rbxcdn.com/f8c47478b8d6b0d43673d8baae1b9bf4/110/110/Hat/Webp",245000,2499],"Noob Attack: Crescendo Crusher":[9,"https://tr.rbxcdn.com/8446958a2f393f1c717c2bcf1993094a/110/110/Hat/Webp",175000,1100],"Cosmo Sloth":[2,"https://tr.rbxcdn.com/1b00dbaf2b76c0e87455fd06a4c2e6dc/110/110/Hat/Webp",77500,999],"Golden Bling Braces":[14,"https://tr.rbxcdn.com/5c69f8dc80093482e05de2d3ea58307b/110/110/Face/Webp",120000,16999],"Hot Pink Snow Leopard Fedora":[9,"https://tr.rbxcdn.com/bfefeedb80ef52b075bf5bdb4e87f1d9/110/110/Hat/Webp",120000,1],"Blue Goof":[14,"https://tr.rbxcdn.com/1b3ecdb03772fbd2635759ddc6a11818/110/110/Face/Webp",115000,3000],"Portrait of a Hero on a Snow Day":[14,"https://tr.rbxcdn.com/d20888ccc1b0706d726b335417d0ce46/110/110/Hat/Webp",275000,5199],"Catching Snowflakes":[1,"https://tr.rbxcdn.com/7514e76bea08263b263638bf4cb1b847/110/110/Face/Webp",250000,30000],"Santa Tentacles ":[3,"https://tr.rbxcdn.com/af8725bd4d0d22e0c79790c0c6077819/110/110/Hat/Webp",800000,59999],"Platinum Eye":[4,"https://tr.rbxcdn.com/5b68800a7bf24d25b29c496a36fa5d22/110/110/Hat/Webp",225000,23999],"Icicles Swordpack":[1,"https://tr.rbxcdn.com/e2c36b702d4da26bf20685441c53fa56/110/110/Hat/Webp",70500,4999],"Camo Commando":[1,"https://tr.rbxcdn.com/e3710162a2dc1e78d78a7b958394352d/110/110/Hat/Webp",35000,5600],"Noob Assist: Sandwich Scramble":[2,"https://tr.rbxcdn.com/45071c3a191e1d1bef9fdb50f0098913/110/110/Hat/Webp",105000,9200],"Noob Attack: Pirate Peril":[1,"https://tr.rbxcdn.com/3e0d62003c23852dd29459ef14fbf7d7/110/110/Hat/Webp",0,500],"Ninja Master: Dojo of Despair":[1,"https://tr.rbxcdn.com/0a11d9c92a5d718144e3c9a8c7651ed1/110/110/Hat/Webp",0,2000],"Horns of Yesterday, Today":[5,"https://tr.rbxcdn.com/fb6f6cd669af09bdf9869a21147764ab/110/110/Hat/Webp",105000,500],"Glitz and Glitter Heart Top Hat":[1,"https://tr.rbxcdn.com/232767ebe2381b16066286f8a2eab319/110/110/Hat/Webp",185000,1399],"Agonizingly White Bucket of Ultimate Doom":[1,"https://tr.rbxcdn.com/ced32a4d1d15ace185e79425818ab5ab/110/110/Hat/Webp",445000,30000],"Fallen Pocket Pal":[1,"https://tr.rbxcdn.com/249ad01b680b68c09965fc941515643c/110/110/Hat/Webp",125000,1599],"Dominus Claves":[1,"https://upload.wikimedia.org/wikipedia/commons/thumb/f/f8/Question_mark_alternate.svg/788px-Question_mark_alternate.svg.png",65000000,99999],"Orinthian Crossbow":[1,"https://tr.rbxcdn.com/1d6a14bee700077d9fb8e43635935e1c/110/110/Gear/Webp",120000,1500],"Green Top Hat with White Band":[3,"https://tr.rbxcdn.com/7febc017aa591586756260fc9cb7d201/110/110/Hat/Webp",290000,18999],"Recycling Samurai":[4,"https://tr.rbxcdn.com/7b6454ff4b864d9b391d8a39bca2f6c3/110/110/Hat/Webp",45000,1000],"Noob Assist: Marvelous Mom":[11,"https://tr.rbxcdn.com/d5342fe0f0216367780a0d104a6e661e/110/110/Hat/Webp",220000,1600],"Chartreuse Periastron Crown":[11,"https://tr.rbxcdn.com/9a27b6f3899eeb40aa6a9e307c3f7dea/110/110/Hat/Webp",130000,3299],"Mid-Summer Horns":[4,"https://tr.rbxcdn.com/8c91dfb4e1d485d7cba515237a175aa7/110/110/Hat/Webp",35000,1999],"Overseer Oversleeper Sleep Mask":[1,"https://tr.rbxcdn.com/3f62fe27a7354a588ec68d320c1fa9e6/110/110/Hat/Webp",41250,799],"Portrait of a Hero at the Beach":[4,"https://tr.rbxcdn.com/201fe848e821912238125b3553db52be/110/110/Hat/Webp",735000,10999],"Noob Assist: Fantastic Father":[4,"https://tr.rbxcdn.com/1f8dfa4ee8b0223b71c3e0b9927f8e5f/110/110/Hat/Webp",90000,1699],"Old Glory Wings":[3,"https://tr.rbxcdn.com/0754e2c495418babe3c9ea0359e352b3/110/110/Hat/Webp",445000,150999],"Immortal Sword - Wicked Heart":[2,"https://tr.rbxcdn.com/33e077a6b1033fd3128bdf938be9ecd5/110/110/Hat/Webp",265000,100000],"Ruler of Light":[6,"https://tr.rbxcdn.com/c4a4715155bc1f4253723b157ed124fd/110/110/Hat/Webp",285000,9300],"Radioactive Beast Mode":[1,"https://tr.rbxcdn.com/e59b8f7ed8e07f1fcf709449ff974114/110/110/Face/Webp",475000,19999],"Redvalk":[3,"https://upload.wikimedia.org/wikipedia/commons/thumb/f/f8/Question_mark_alternate.svg/788px-Question_mark_alternate.svg.png",100000000,1099999],"Blue Sparkle Time Bandana":[6,"https://tr.rbxcdn.com/2cedd1189a35b0007bb65bb06a781785/110/110/Hat/Webp",425000,20000],"Infernal Undead Immortal Sword":[5,"https://tr.rbxcdn.com/b78f3d5f823f414233d9ca44c1319e42/110/110/Hat/Webp",1500000,13000],"Spider Antlers":[1,"https://tr.rbxcdn.com/8edfff7cd5cc38ca3d69f16cc87de9ac/110/110/Hat/Webp",0,100],"Ninja Smoke Screen Bandolier":[11,"https://tr.rbxcdn.com/455b070c4b9ea2d66e8ea11c097ab2c2/110/110/Hat/Webp",325000,1500],"Burning Hair for Fiery People":[10,"https://upload.wikimedia.org/wikipedia/commons/thumb/f/f8/Question_mark_alternate.svg/788px-Question_mark_alternate.svg.png",300000,1],"Noob Attack: Laser Scythe Scuffle":[9,"https://tr.rbxcdn.com/8c933637fcf93f1d94772d9710f7d5f5/110/110/Hat/Webp",150000,899],"Lost Boy of Winter":[2,"https://tr.rbxcdn.com/11dfd3d0602afe8fb2c3f43ea6e1fcce/110/110/Hat/Webp",150000,4999],"umvrr's Beast Mode":[2,"https://upload.wikimedia.org/wikipedia/commons/thumb/f/f8/Question_mark_alternate.svg/788px-Question_mark_alternate.svg.png",675000,15999],"Gingerbread Immortal Sword":[7,"https://tr.rbxcdn.com/49912bb436a00183eda76c26c4bfb4b7/110/110/Hat/Webp",175000,18999],"Pizza Bandit":[3,"https://tr.rbxcdn.com/d5a241a555949ac1ea2b016b4535da0c/110/110/Hat/Webp",85000,200],"Absolutely Shocked":[3,"https://tr.rbxcdn.com/70ebcbf07c7e2e474e6228ab4bd264ef/110/110/Face/Webp",325000,10999],"Ivory Bloom Pauldrons":[5,"https://tr.rbxcdn.com/c92a3900cb2346a80777a3d1efaa3698/110/110/Hat/Webp",120000,400],"Ornate Back Katana of Illusion":[1,"https://tr.rbxcdn.com/6221d8990d20a52fb7f07b5557cf7130/110/110/Hat/Webp",625000,100000],"Torque the Red Orc":[1,"https://tr.rbxcdn.com/9616464ba420140578fe527abe2b1893/110/110/Face/Webp",115000,27999],"Torque the Blue Orc":[3,"https://tr.rbxcdn.com/a00119a5bfce8ef65af80b2402dc2cd1/110/110/Face/Webp",140000,2289],"Sapphire Archfey Visage":[1,"https://tr.rbxcdn.com/334e0c1ef186e9a3d4b6f873b394e003/110/110/Face/Webp",0,21999],"Ruby Archfey Visage":[2,"https://tr.rbxcdn.com/70d8577ac6cb235fc26edf3fba830c2b/110/110/Face/Webp",89907,3400],"Noob Assist: Astronaut Action":[6,"https://tr.rbxcdn.com/5a9f899b5c4d6579c0e9dfb733cd9c81/110/110/Hat/Webp",90000,899],"Tallaheggsee, Zombie Slayer":[24,"https://tr.rbxcdn.com/a8ca8ad207140b549a5e95bb04a57c5c/110/110/Hat/Webp",100694,100],"Deadly Dark Dominus":[2,"https://upload.wikimedia.org/wikipedia/commons/thumb/f/f8/Question_mark_alternate.svg/788px-Question_mark_alternate.svg.png",53500000,49999],"Beaming with Pride":[4,"https://upload.wikimedia.org/wikipedia/commons/thumb/f/f8/Question_mark_alternate.svg/788px-Question_mark_alternate.svg.png",67500,99],"Rainbow Pixels Bandana":[1,"https://tr.rbxcdn.com/ace459d3698b665dd62608f6fb46006d/110/110/Hat/Webp",32923,300],"Wizard of the Bluesteel Order":[1,"https://upload.wikimedia.org/wikipedia/commons/thumb/f/f8/Question_mark_alternate.svg/788px-Question_mark_alternate.svg.png",1150000,2000]," Party Unicorn Floatie":[7,"https://tr.rbxcdn.com/ecffab7dcbda0ef40ca67c3d8b5d88bf/110/110/Hat/Webp",280000,90],"Dominus Azurelight":[21,"https://upload.wikimedia.org/wikipedia/commons/thumb/f/f8/Question_mark_alternate.svg/788px-Question_mark_alternate.svg.png",5000000,0],"Infinite Vault Star-glasses":[7,"https://upload.wikimedia.org/wikipedia/commons/thumb/f/f8/Question_mark_alternate.svg/788px-Question_mark_alternate.svg.png",295000,1],"Cowboy Hat":[1,"https://upload.wikimedia.org/wikipedia/commons/thumb/f/f8/Question_mark_alternate.svg/788px-Question_mark_alternate.svg.png",120000,10000],"Super Bowl LVI Crown":[4,"https://tr.rbxcdn.com/4932e91e225baf17d92a3479a21fa4d0/110/110/Hat/Webp",275000,4000],"Gucci Geometric Bag":[9,"https://tr.rbxcdn.com/2c4ba9b352eb0e5958f459daea4f532b/110/110/Hat/Webp",90000,1000],"Elton John - Feather Neck Piece":[6,"https://tr.rbxcdn.com/da8391ec92a7ab833b6eb32ea69693f8/110/110/Hat/Webp",20000,1000],"Gucci Dionysus Bag":[3,"https://tr.rbxcdn.com/aa4ff5c8be70df3bf8194d0856ab2c50/110/110/Hat/Webp",40500,120],"TH Monogram Backpack":[2,"https://tr.rbxcdn.com/c7a60acc521c8790c2f7fc75a0c368bc/110/110/Hat/Webp",65000,100],"Elton John x Karlie Kloss Headphones":[2,"https://tr.rbxcdn.com/7efc7dbbe5a42fd0e34da4a011a40a05/110/110/Hat/Webp",87000,3400],"Deteggctive W. Wolf":[2,"https://tr.rbxcdn.com/efcdb983fd4837d326a77680d5f373f8/110/110/Hat/Webp",74500,100],"Heart Gaze - Zara Larsson":[1,"https://tr.rbxcdn.com/537a287c0abe2f5ed89200f821fd823e/110/110/Face/Webp",1,17800],"Ice Wings":[1,"https://upload.wikimedia.org/wikipedia/commons/thumb/f/f8/Question_mark_alternate.svg/788px-Question_mark_alternate.svg.png",1450000,10000],"NARS Light Reflecting Leather Moto Jacket":[2,"https://tr.rbxcdn.com/0b3e7013f9f59be33a644fd1159ae0e0/110/110/LayeredAccessory/Webp",150000,200],"SIGMA":[1,"https://upload.wikimedia.org/wikipedia/commons/thumb/f/f8/Question_mark_alternate.svg/788px-Question_mark_alternate.svg.png",1450000,10000],"White Lace Fishtail Wedding Dress":[2,"https://upload.wikimedia.org/wikipedia/commons/thumb/f/f8/Question_mark_alternate.svg/788px-Question_mark_alternate.svg.png",115000,19999],"Suspicious Duck":[1,"https://upload.wikimedia.org/wikipedia/commons/thumb/f/f8/Question_mark_alternate.svg/788px-Question_mark_alternate.svg.png",315000,59999],"Blue Suspicious Duck":[5,"https://upload.wikimedia.org/wikipedia/commons/thumb/f/f8/Question_mark_alternate.svg/788px-Question_mark_alternate.svg.png",230000,56999],"White Suspicious Duck":[6,"https://upload.wikimedia.org/wikipedia/commons/thumb/f/f8/Question_mark_alternate.svg/788px-Question_mark_alternate.svg.png",250000,9],"Puffy Puffer Fish":[10,"https://tr.rbxcdn.com/9ea4c272e7f71c77dee48c82daa78c48/110/110/Hat/Webp",110000,279],"Guardian Angel Wings":[3,"https://tr.rbxcdn.com/07c1aebc0edaf9c46d08d96ebe7547a9/110/110/Hat/Webp",150000,1899],"Black 'sus' Y2K Cap":[1,"https://upload.wikimedia.org/wikipedia/commons/thumb/f/f8/Question_mark_alternate.svg/788px-Question_mark_alternate.svg.png",395000,14999],"Fat Animal":[2,"https://upload.wikimedia.org/wikipedia/commons/thumb/f/f8/Question_mark_alternate.svg/788px-Question_mark_alternate.svg.png",6500000,99999],"Gucci Saint Francis Cloak x Achille Lauro (1.0)":[14,"https://tr.rbxcdn.com/5f2cb5af282536ff78bec43d51f377f1/110/110/Hat/Webp",95000,1999],"Forever 21 Princess Anime Tassled Crown ":[2,"https://tr.rbxcdn.com/1544badba3d6712d6df578e173511e7a/110/110/Hat/Webp",70000,399],"Elton John - Elton Earring":[2,"https://tr.rbxcdn.com/6fd7d06450f4ceee3fa22dff7481a2cd/110/110/Hat/Webp",95000,299],"Vault Swordpack":[8,"https://tr.rbxcdn.com/657b092a6e2b0fa0a17e0cd17f1d7c6c/110/110/Hat/Webp",675000,15999],"Golden Butterfly Wings - Mariah Carey":[7,"https://tr.rbxcdn.com/b3f64b7170e28b12329083b5aabfd497/110/110/Hat/Webp",250000,4499],"XXL Basketball Head":[6,"https://tr.rbxcdn.com/f64ac11375899cdc328f690d5be9dce3/110/110/Hat/Webp",100000,1300],"Despacitegg":[8,"https://tr.rbxcdn.com/c8ab600fba8da3182c97ff0d39b312d7/110/110/Hat/Webp",55000,8],"NARS Holographic Backpack 3.0":[4,"https://tr.rbxcdn.com/837684b8c5780ef921f380bcc68eb53f/110/110/Hat/Webp",57000,299],"Vans Checkerboard Bucket Hat":[7,"https://tr.rbxcdn.com/62c0d8f30f8f3e167c2ef85871a2ea33/110/110/Hat/Webp",135000,399],"Ralph Lauren Snow Beach Backpack":[6,"https://tr.rbxcdn.com/fb19711b03b326f98303e7d203ce2f4b/110/110/Hat/Webp",85000,999],"Ralph Lauren Stadium Backpack":[8,"https://tr.rbxcdn.com/05e78e48b33b17723117668ad8cb0df0/110/110/Hat/Webp",37180,200],"UK Flag":[1,"https://upload.wikimedia.org/wikipedia/commons/thumb/f/f8/Question_mark_alternate.svg/788px-Question_mark_alternate.svg.png",1750000,65999],"SpongeBob Backpack 1.0":[9,"https://upload.wikimedia.org/wikipedia/commons/thumb/f/f8/Question_mark_alternate.svg/788px-Question_mark_alternate.svg.png",130000,9999],"Dominus Nox":[2,"https://upload.wikimedia.org/wikipedia/commons/thumb/f/f8/Question_mark_alternate.svg/788px-Question_mark_alternate.svg.png",35500000,99999],"i_ndx's Broccoli Head":[1,"https://upload.wikimedia.org/wikipedia/commons/thumb/f/f8/Question_mark_alternate.svg/788px-Question_mark_alternate.svg.png",900000,19999],"NARS Lip Crossbody Bag 1.0":[3,"https://tr.rbxcdn.com/2de0c2849975b61c9a6cbd0af0c6e4b9/110/110/Hat/Webp",115000,9299],"Rose":[1,"https://upload.wikimedia.org/wikipedia/commons/thumb/f/f8/Question_mark_alternate.svg/788px-Question_mark_alternate.svg.png",1300000,45999],"Sunrise Eyes - Tai Verdes":[6,"https://upload.wikimedia.org/wikipedia/commons/thumb/f/f8/Question_mark_alternate.svg/788px-Question_mark_alternate.svg.png",50000,1599],"Purple Diamond":[3,"https://upload.wikimedia.org/wikipedia/commons/thumb/f/f8/Question_mark_alternate.svg/788px-Question_mark_alternate.svg.png",10000000,1789999],"Pink Axe":[2,"https://upload.wikimedia.org/wikipedia/commons/thumb/f/f8/Question_mark_alternate.svg/788px-Question_mark_alternate.svg.png",265000,10999],"Brown Fluffy Messy Boy Hair":[4,"https://upload.wikimedia.org/wikipedia/commons/thumb/f/f8/Question_mark_alternate.svg/788px-Question_mark_alternate.svg.png",90000,999],"Egg":[5,"https://upload.wikimedia.org/wikipedia/commons/thumb/f/f8/Question_mark_alternate.svg/788px-Question_mark_alternate.svg.png",22500,1],"Freddy":[8,"https://upload.wikimedia.org/wikipedia/commons/thumb/f/f8/Question_mark_alternate.svg/788px-Question_mark_alternate.svg.png",47500,99],"Brainfreeze Egg":[9,"https://tr.rbxcdn.com/b6ab687d6fdb0144b766c71649e823cd/110/110/Hat/Webp",80000,50],"WHAT THE FLIP Cape":[5,"https://upload.wikimedia.org/wikipedia/commons/thumb/f/f8/Question_mark_alternate.svg/788px-Question_mark_alternate.svg.png",265000,99999],"Black and White Domino Mask":[5,"https://upload.wikimedia.org/wikipedia/commons/thumb/f/f8/Question_mark_alternate.svg/788px-Question_mark_alternate.svg.png",85000,13999],"Bitcoin Top Hat":[5,"https://upload.wikimedia.org/wikipedia/commons/thumb/f/f8/Question_mark_alternate.svg/788px-Question_mark_alternate.svg.png",100000,1999],"Mewing Chat Bubble🤫 🧏":[1,"https://upload.wikimedia.org/wikipedia/commons/thumb/f/f8/Question_mark_alternate.svg/788px-Question_mark_alternate.svg.png",500000,19999],"Hallow's Valk":[1,"https://upload.wikimedia.org/wikipedia/commons/thumb/f/f8/Question_mark_alternate.svg/788px-Question_mark_alternate.svg.png",155000000,1500000],"Forever 21 Bejeweled Spiked Face Beanie":[6,"https://tr.rbxcdn.com/bda24eeb1a2972ab17850b69fbe6d855/110/110/Hat/Webp",65420,310],"Gucci Feather and Crystals Headpiece":[7,"https://tr.rbxcdn.com/f69056435ea84f2f0bf2bfa7874d069b/110/110/Hat/Webp",56045,300],"GucciGhost Bag":[3,"https://tr.rbxcdn.com/bef12847d467a3b6c37a61b579b8eb62/110/110/Hat/Webp",90000,599],"Crimson Ethereal Dominus":[1,"https://upload.wikimedia.org/wikipedia/commons/thumb/f/f8/Question_mark_alternate.svg/788px-Question_mark_alternate.svg.png",27500000,199999],"Brown Bear Beanie":[4,"https://upload.wikimedia.org/wikipedia/commons/thumb/f/f8/Question_mark_alternate.svg/788px-Question_mark_alternate.svg.png",75651,10999],"Alter Ego Cap":[2,"https://upload.wikimedia.org/wikipedia/commons/thumb/f/f8/Question_mark_alternate.svg/788px-Question_mark_alternate.svg.png",450000,19999],"Lamar LA Blue Cap":[2,"https://upload.wikimedia.org/wikipedia/commons/thumb/f/f8/Question_mark_alternate.svg/788px-Question_mark_alternate.svg.png",165000,99],"Atlanthian Dominus":[2,"https://upload.wikimedia.org/wikipedia/commons/thumb/f/f8/Question_mark_alternate.svg/788px-Question_mark_alternate.svg.png",25000000,599999],"Starlit Exile of the Federation":[3,"https://upload.wikimedia.org/wikipedia/commons/thumb/f/f8/Question_mark_alternate.svg/788px-Question_mark_alternate.svg.png",15500000,59999],"Gucci Sunglasses with Crystals":[3,"https://tr.rbxcdn.com/a7fb20ca061da1484adf8df6627fbb60/110/110/Hat/Webp",225000,200],"Pet Simulator 99!":[2,"https://upload.wikimedia.org/wikipedia/commons/thumb/f/f8/Question_mark_alternate.svg/788px-Question_mark_alternate.svg.png",2250000,20999],"Shadowsteel Commando":[1,"https://upload.wikimedia.org/wikipedia/commons/thumb/f/f8/Question_mark_alternate.svg/788px-Question_mark_alternate.svg.png",1850000,100000],"Verified Sign":[2,"https://upload.wikimedia.org/wikipedia/commons/thumb/f/f8/Question_mark_alternate.svg/788px-Question_mark_alternate.svg.png",0,100],"Cincinnati Bengals Super Bowl LVI Helmet":[1,"https://tr.rbxcdn.com/1e6248c83001b7d2fadd729a6af9b114/110/110/Hat/Webp",41208,500],"Golden Sleigh - Mariah Carey":[1,"https://tr.rbxcdn.com/6eea88c88ca29586bc61cf8d19b5aed3/110/110/Hat/Webp",134875,400],"what the sigma?":[1,"https://upload.wikimedia.org/wikipedia/commons/thumb/f/f8/Question_mark_alternate.svg/788px-Question_mark_alternate.svg.png",176708,10]}